number,ja-Hrkt,en,it,es,de,fr,ko,zh-Hans,zh-Hant
0001,フシギダネ,Bulbasaur,Bulbasaur,Bulbasaur,Bisasam,Bulbizarre,이상해씨,妙蛙种子,妙蛙種子
0002,フシギソウ,Ivysaur,Ivysaur,Ivysaur,Bisaknosp,Herbizarre,이상해풀,妙蛙草,妙蛙草
0003,フシギバナ,Venusaur,Venusaur,Venusaur,Bisaflor,Florizarre,이상해꽃,妙蛙花,妙蛙花
0004,ヒトカゲ,Charmander,Charmander,Charmander,Glumanda,Salameche,파이리,小火龙,小火龍
0005,リザード,Charmeleon,Charmeleon,Charmeleon,Glutexo,Reptincel,리자드,火恐龙,火恐龍
0006,リザードン,Charizard,Charizard,Charizard,Glurak,Dracaufeu,리자몽,喷火龙,噴火龍
0007,ゼニガメ,Squirtle,Squirtle,Squirtle,Schiggy,Carapuce,꼬부기,杰尼龟,傑尼龜
0008,カメール,Wartortle,Wartortle,Wartortle,Schillok,Carabaffe,어니부기,卡咪龟,卡咪龜
0009,カメックス,Blastoise,Blastoise,Blastoise,Turtok,Tortank,거북왕,水箭龟,水箭龜
0010,キャタピー,Caterpie,Caterpie,Caterpie,Raupy,Chenipan,캐터피,绿毛虫,綠毛蟲
0011,トランセル,Metapod,Metapod,Metapod,Safcon,Chrysacier,단데기,铁甲蛹,鐵甲蛹
0012,バタフリー,Butterfree,Butterfree,Butterfree,Smettbo,Papilusion,버터플,巴大蝶,巴大蝶
0013,ビードル,Weedle,Weedle,Weedle,Hornliu,Aspicot,뿔충이,独角虫,獨角蟲
0014,コクーン,Kakuna,Kakuna,Kakuna,Kokuna,Coconfort,딱충이,铁壳蛹,鐵殼蛹
0015,スピアー,Beedrill,Beedrill,Beedrill,Bibor,Dardagnan,독침붕,大针蜂,大針蜂
0016,ポッポ,Pidgey,Pidgey,Pidgey,Taubsi,Roucool,구구,波波,波波
0017,ピジョン,Pidgeotto,Pidgeotto,Pidgeotto,Tauboga,Roucoups,피죤,比比鸟,比比鳥
0018,ピジョット,Pidgeot,Pidgeot,Pidgeot,Tauboss,Roucarnage,피죤투,大比鸟,大比鳥
0019,コラッタ,Rattata,Rattata,Rattata,Rattfratz,Rattata,꼬렛,小拉达,小拉達
0020,ラッタ,Raticate,Raticate,Raticate,Rattikarl,Rattatac,레트라,拉达,拉達
0021,オニスズメ,Spearow,Spearow,Spearow,Habitak,Piafabec,깨비참,烈雀,烈雀
0022,オニドリル,Fearow,Fearow,Fearow,Ibitak,Rapasdepic,깨비드릴조,大嘴雀,大嘴雀
0023,アーボ,Ekans,Ekans,Ekans,Rettan,Abo,아보,阿柏蛇,阿柏蛇
0024,アーボック,Arbok,Arbok,Arbok,Arbok,Arbok,아보크,阿柏怪,阿柏怪
0025,ピカチュウ,Pikachu,Pikachu,Pikachu,Pikachu,Pikachu,피카츄,皮卡丘,皮卡丘
0026,ライチュウ,Raichu,Raichu,Raichu,Raichu,Raichu,라이츄,雷丘,雷丘
0027,サンド,Sandshrew,Sandshrew,Sandshrew,Sandan,Sabelette,모래두지,穿山鼠,穿山鼠
0028,サンドパン,Sandslash,Sandslash,Sandslash,Sandamer,Sablaireau,고지,穿山王,穿山王
0029,ニドラン♀,Nidoran♀,Nidoran♀,Nidoran♀,Nidoran♀,Nidoran♀,니드런♀,尼多兰,尼多蘭
0030,ニドリーナ,Nidorina,Nidorina,Nidorina,Nidorina,Nidorina,니드리나,尼多娜,尼多娜
0031,ニドクイン,Nidoqueen,Nidoqueen,Nidoqueen,Nidoqueen,Nidoqueen,니드퀸,尼多后,尼多后
0032,ニドラン♂,Nidoran♂,Nidoran♂,Nidoran♂,Nidoran♂,Nidoran♂,니드런♂,尼多朗,尼多朗
0033,ニドリーノ,Nidorino,Nidorino,Nidorino,Nidorino,Nidorino,니드리노,尼多力诺,尼多力諾
0034,ニドキング,Nidoking,Nidoking,Nidoking,Nidoking,Nidoking,니드킹,尼多王,尼多王
0035,ピッピ,Clefairy,Clefairy,Clefairy,Piepi,Melofee,삐삐,皮皮,皮皮
0036,ピクシー,Clefable,Clefable,Clefable,Pixi,Melodelfe,픽시,皮可西,皮可西
0037,ロコン,Vulpix,Vulpix,Vulpix,Vulpix,Goupix,식스테일,六尾,六尾
0038,キュウコン,Ninetales,Ninetales,Ninetales,Vulnona,Feunard,나인테일,九尾,九尾
0039,プリン,Jigglypuff,Jigglypuff,Jigglypuff,Pummeluff,Rondoudou,푸린,胖丁,胖丁
0040,プクリン,Wigglytuff,Wigglytuff,Wigglytuff,Knuddeluff,Grodoudou,푸크린,胖可丁,胖可丁
0041,ズバット,Zubat,Zubat,Zubat,Zubat,Nosferapti,주뱃,超音蝠,超音蝠
0042,ゴルバット,Golbat,Golbat,Golbat,Golbat,Nosferalto,골뱃,大嘴蝠,大嘴蝠
0043,ナゾノクサ,Oddish,Oddish,Oddish,Myrapla,Mystherbe,뚜벅쵸,走路草,走路草
0044,クサイハナ,Gloom,Gloom,Gloom,Duflor,Ortide,냄새꼬,臭臭花,臭臭花
0045,ラフレシア,Vileplume,Vileplume,Vileplume,Giflor,Rafflesia,라플레시아,霸王花,霸王花
0046,パラス,Paras,Paras,Paras,Paras,Paras,파라스,派拉斯,派拉斯
0047,パラセクト,Parasect,Parasect,Parasect,Parasek,Parasect,파라섹트,派拉斯特,派拉斯特
0048,コンパン,Venonat,Venonat,Venonat,Bluzuk,Mimitoss,콘팡,毛球,毛球
0049,モルフォン,Venomoth,Venomoth,Venomoth,Omot,Aeromite,도나리,摩鲁蛾,摩魯蛾
0050,ディグダ,Diglett,Diglett,Diglett,Digda,Taupiqueur,디그다,地鼠,地鼠
0051,ダグトリオ,Dugtrio,Dugtrio,Dugtrio,Digdri,Triopikeur,닥트리오,三地鼠,三地鼠
0052,ニャース,Meowth,Meowth,Meowth,Mauzi,Miaouss,나옹,喵喵,喵喵
0053,ペルシアン,Persian,Persian,Persian,Snobilikat,Persian,페르시온,猫老大,貓老大
0054,コダック,Psyduck,Psyduck,Psyduck,Enton,Psykokwak,고라파덕,可达鸭,可達鴨
0055,ゴルダック,Golduck,Golduck,Golduck,Entoron,Akwakwak,골덕,哥达鸭,哥達鴨
0056,マンキー,Mankey,Mankey,Mankey,Menki,Ferosinge,망키,猴怪,猴怪
0057,オコリザル,Primeape,Primeape,Primeape,Rasaff,Colossinge,성원숭,火暴猴,火爆猴
0058,ガーディ,Growlithe,Growlithe,Growlithe,Fukano,Caninos,가디,卡蒂狗,卡蒂狗
0059,ウインディ,Arcanine,Arcanine,Arcanine,Arkani,Arcanin,윈디,风速狗,風速狗
0060,ニョロモ,Poliwag,Poliwag,Poliwag,Quapsel,Ptitard,발챙이,蚊香蝌蚪,蚊香蝌蚪
0061,ニョロゾ,Poliwhirl,Poliwhirl,Poliwhirl,Quaputzi,Tetarte,수륙챙이,蚊香君,蚊香君
0062,ニョロボン,Poliwrath,Poliwrath,Poliwrath,Quappo,Tartard,강챙이,蚊香泳士,蚊香泳士
0063,ケーシィ,Abra,Abra,Abra,Abra,Abra,캐이시,凯西,凱西
0064,ユンゲラー,Kadabra,Kadabra,Kadabra,Kadabra,Kadabra,윤겔라,勇基拉,勇基拉
0065,フーディン,Alakazam,Alakazam,Alakazam,Simsala,Alakazam,후딘,胡地,胡地
0066,ワンリキー,Machop,Machop,Machop,Machollo,Machoc,알통몬,腕力,腕力
0067,ゴーリキー,Machoke,Machoke,Machoke,Maschock,Machopeur,근육몬,豪力,豪力
0068,カイリキー,Machamp,Machamp,Machamp,Machomei,Mackogneur,괴력몬,怪力,怪力
0069,マダツボミ,Bellsprout,Bellsprout,Bellsprout,Knofensa,Chetiflor,모다피,喇叭芽,喇叭芽
0070,ウツドン,Weepinbell,Weepinbell,Weepinbell,Ultrigaria,Boustiflor,우츠동,口呆花,口呆花
0071,ウツボット,Victreebel,Victreebel,Victreebel,Sarzenia,Empiflor,우츠보트,大食花,大食花
0072,メノクラゲ,Tentacool,Tentacool,Tentacool,Tentacha,Tentacool,왕눈해,玛瑙水母,瑪瑙水母
0073,ドククラゲ,Tentacruel,Tentacruel,Tentacruel,Tentoxa,Tentacruel,독파리,毒刺水母,毒刺水母
0074,イシツブテ,Geodude,Geodude,Geodude,Kleinstein,Racaillou,꼬마돌,小拳石,小拳石
0075,ゴローン,Graveler,Graveler,Graveler,Georok,Gravalanch,데구리,隆隆石,隆隆石
0076,ゴローニャ,Golem,Golem,Golem,Geowaz,Grolem,딱구리,隆隆岩,隆隆岩
0077,ポニータ,Ponyta,Ponyta,Ponyta,Ponita,Ponyta,포니타,小火马,小火馬
0078,ギャロップ,Rapidash,Rapidash,Rapidash,Gallopa,Galopa,날쌩마,烈焰马,烈焰馬
0079,ヤドン,Slowpoke,Slowpoke,Slowpoke,Flegmon,Ramoloss,야돈,呆呆兽,呆呆獸
0080,ヤドラン,Slowbro,Slowbro,Slowbro,Lahmus,Flagadoss,야도란,呆壳兽,呆殼獸
0081,コイル,Magnemite,Magnemite,Magnemite,Magnetilo,Magneti,코일,小磁怪,小磁怪
0082,レアコイル,Magneton,Magneton,Magneton,Magneton,Magneton,레어코일,三合一磁怪,三合一磁怪
0083,カモネギ,Farfetch'd,Farfetch'd,Farfetch'd,Porenta,Canarticho,파오리,大葱鸭,大蔥鴨
0084,ドードー,Doduo,Doduo,Doduo,Dodu,Doduo,두두,嘟嘟,嘟嘟
0085,ドードリオ,Dodrio,Dodrio,Dodrio,Dodri,Dodrio,두트리오,嘟嘟利,嘟嘟利
0086,パウワウ,Seel,Seel,Seel,Jurob,Otaria,쥬쥬,小海狮,小海獅
0087,ジュゴン,Dewgong,Dewgong,Dewgong,Jugong,Lamantine,쥬레곤,白海狮,白海獅
0088,ベトベター,Grimer,Grimer,Grimer,Sleima,Tadmorv,질퍽이,臭泥,臭泥
0089,ベトベトン,Muk,Muk,Muk,Sleimok,Grotadmorv,질뻐기,臭臭泥,臭臭泥
0090,シェルダー,Shellder,Shellder,Shellder,Muschas,Kokiyas,셀러,大舌贝,大舌貝
0091,パルシェン,Cloyster,Cloyster,Cloyster,Austos,Crustabri,파르셀,刺甲贝,刺甲貝
0092,ゴース,Gastly,Gastly,Gastly,Nebulak,Fantominus,고오스,鬼斯,鬼斯
0093,ゴースト,Haunter,Haunter,Haunter,Alpollo,Spectrum,고우스트,鬼斯通,鬼斯通
0094,ゲンガー,Gengar,Gengar,Gengar,Gengar,Ectoplasma,팬텀,耿鬼,耿鬼
0095,イワーク,Onix,Onix,Onix,Onix,Onix,롱스톤,大岩蛇,大岩蛇
0096,スリープ,Drowzee,Drowzee,Drowzee,Traumato,Soporifik,슬리프,催眠貘,催眠貘
0097,スリーパー,Hypno,Hypno,Hypno,Hypno,Hypnomade,슬리퍼,引梦貘人,引夢貘人
0098,クラブ,Krabby,Krabby,Krabby,Krabby,Krabby,크랩,大钳蟹,大鉗蟹
0099,キングラー,Kingler,Kingler,Kingler,Kingler,Krabboss,킹크랩,巨钳蟹,巨鉗蟹
0100,ビリリダマ,Voltorb,Voltorb,Voltorb,Voltobal,Voltorbe,찌리리공,霹雳电球,霹靂電球
0101,マルマイン,Electrode,Electrode,Electrode,Lektrobal,Electrode,붐볼,顽皮雷弹,頑皮雷彈
0102,タマタマ,Exeggcute,Exeggcute,Exeggcute,Owei,Noeunoeuf,아라리,蛋蛋,蛋蛋
0103,ナッシー,Exeggutor,Exeggutor,Exeggutor,Kokowei,Noadkoko,나시,椰蛋树,椰蛋樹
0104,カラカラ,Cubone,Cubone,Cubone,Tragosso,Osselait,탕구리,卡拉卡拉,卡拉卡拉
0105,ガラガラ,Marowak,Marowak,Marowak,Knogga,Ossatueur,텅구리,嘎啦嘎啦,嘎啦嘎啦
0106,サワムラー,Hitmonlee,Hitmonlee,Hitmonlee,Kicklee,Kicklee,시라소몬,飞腿郎,飛腿郎
0107,エビワラー,Hitmonchan,Hitmonchan,Hitmonchan,Nockchan,Tygnon,홍수몬,快拳郎,快拳郎
0108,ベロリンガ,Lickitung,Lickitung,Lickitung,Schlurp,Excelangue,내루미,大舌头,大舌頭
0109,ドガース,Koffing,Koffing,Koffing,Smogon,Smogo,또가스,瓦斯弹,瓦斯彈
0110,マタドガス,Weezing,Weezing,Weezing,Smogmog,Smogogo,또도가스,双弹瓦斯,雙彈瓦斯
0111,サイホーン,Rhyhorn,Rhyhorn,Rhyhorn,Rihorn,Rhinocorne,뿔카노,独角犀牛,獨角犀牛
0112,サイドン,Rhydon,Rhydon,Rhydon,Rizeros,Rhinoferos,코뿌리,钻角犀兽,鑽角犀獸
0113,ラッキー,Chansey,Chansey,Chansey,Chaneira,Leveinard,럭키,吉利蛋,吉利蛋
0114,モンジャラ,Tangela,Tangela,Tangela,Tangela,Saquedeneu,덩구리,蔓藤怪,蔓藤怪
0115,ガルーラ,Kangaskhan,Kangaskhan,Kangaskhan,Kangama,Kangourex,캥카,袋兽,袋獸
0116,タッツー,Horsea,Horsea,Horsea,Seeper,Hypotrempe,쏘드라,墨海马,墨海馬
0117,シードラ,Seadra,Seadra,Seadra,Seemon,Hypocean,시드라,海刺龙,海刺龍
0118,トサキント,Goldeen,Goldeen,Goldeen,Goldini,Poissirene,콘치,角金鱼,角金魚
0119,アズマオウ,Seaking,Seaking,Seaking,Golking,Poissoroy,왕콘치,金鱼王,金魚王
0120,ヒトデマン,Staryu,Staryu,Staryu,Sterndu,Stari,별가사리,海星星,海星星
0121,スターミー,Starmie,Starmie,Starmie,Starmie,Staross,아쿠스타,宝石海星,寶石海星
0122,バリヤード,Mr. Mime,Mr. Mime,Mr. Mime,Pantimos,M.Mime,마임맨,魔墙人偶,魔牆人偶
0123,ストライク,Scyther,Scyther,Scyther,Sichlor,Insecateur,스라크,飞天螳螂,飛天螳螂
0124,ルージュラ,Jynx,Jynx,Jynx,Rossana,Lippoutou,루주라,迷唇姐,迷唇姐
0125,エレブー,Electabuzz,Electabuzz,Electabuzz,Elektek,Elektek,에레브,电击兽,電擊獸
0126,ブーバー,Magmar,Magmar,Magmar,Magmar,Magmar,마그마,鸭嘴火兽,鴨嘴火獸
0127,カイロス,Pinsir,Pinsir,Pinsir,Pinsir,Scarabrute,쁘사이저,凯罗斯,凱羅斯
0128,ケンタロス,Tauros,Tauros,Tauros,Tauros,Tauros,켄타로스,肯泰罗,肯泰羅
0129,コイキング,Magikarp,Magikarp,Magikarp,Karpador,Magicarpe,잉어킹,鲤鱼王,鯉魚王
0130,ギャラドス,Gyarados,Gyarados,Gyarados,Garados,Leviator,갸라도스,暴鲤龙,暴鯉龍
0131,ラプラス,Lapras,Lapras,Lapras,Lapras,Lokhlass,라프라스,拉普拉斯,拉普拉斯
0132,メタモン,Ditto,Ditto,Ditto,Ditto,Metamorph,메타몽,百变怪,百變怪
0133,イーブイ,Eevee,Eevee,Eevee,Evoli,Evoli,이브이,伊布,伊布
0134,シャワーズ,Vaporeon,Vaporeon,Vaporeon,Aquana,Aquali,샤미드,水伊布,水伊布
0135,サンダース,Jolteon,Jolteon,Jolteon,Blitza,Voltali,쥬피썬더,雷伊布,雷伊布
0136,ブースター,Flareon,Flareon,Flareon,Flamara,Pyroli,부스터,火伊布,火伊布
0137,ポリゴン,Porygon,Porygon,Porygon,Porygon,Porygon,폴리곤,多边兽,多邊獸
0138,オムナイト,Omanyte,Omanyte,Omanyte,Amonitas,Amonita,암나이트,菊石兽,菊石獸
0139,オムスター,Omastar,Omastar,Omastar,Amoroso,Amonistar,암스타,多刺菊石兽,多刺菊石獸
0140,カブト,Kabuto,Kabuto,Kabuto,Kabuto,Kabuto,투구,化石盔,化石盔
0141,カブトプス,Kabutops,Kabutops,Kabutops,Kabutops,Kabutops,투구푸스,镰刀盔,鐮刀盔
0142,プテラ,Aerodactyl,Aerodactyl,Aerodactyl,Aerodactyl,Ptera,프테라,化石翼龙,化石翼龍
0143,カビゴン,Snorlax,Snorlax,Snorlax,Relaxo,Ronflex,잠만보,卡比兽,卡比獸
0144,フリーザー,Articuno,Articuno,Articuno,Arktos,Artikodin,프리져,急冻鸟,急凍鳥
0145,サンダー,Zapdos,Zapdos,Zapdos,Zapdos,Electhor,썬더,闪电鸟,閃電鳥
0146,ファイヤー,Moltres,Moltres,Moltres,Lavados,Sulfura,파이어,火焰鸟,火焰鳥
0147,ミニリュウ,Dratini,Dratini,Dratini,Dratini,Minidraco,미뇽,迷你龙,迷你龍
0148,ハクリュー,Dragonair,Dragonair,Dragonair,Dragonir,Draco,신뇽,哈克龙,哈克龍
0149,カイリュー,Dragonite,Dragonite,Dragonite,Dragoran,Dracolosse,망나뇽,快龙,快龍
0150,ミュウツー,Mewtwo,Mewtwo,Mewtwo,Mewtu,Mewtwo,뮤츠,超梦,超夢
0151,ミュウ,Mew,Mew,Mew,Mew,Mew,뮤,梦幻,夢幻
0152,チコリータ,Chikorita,Chikorita,Chikorita,Endivie,Germignon,치코리타,菊草叶,菊草葉
0153,ベイリーフ,Bayleef,Bayleef,Bayleef,Lorblatt,Macronium,베이리프,月桂叶,月桂葉
0154,メガニウム,Meganium,Meganium,Meganium,Meganie,Meganium,메가니움,大竺葵,大竺葵
0155,ヒノアラシ,Cyndaquil,Cyndaquil,Cyndaquil,Feurigel,Hericendre,브케인,火球鼠,火球鼠
0156,マグマラシ,Quilava,Quilava,Quilava,Igelavar,Feurisson,마그케인,火岩鼠,火岩鼠
0157,バクフーン,Typhlosion,Typhlosion,Typhlosion,Tornupto,Typhlosion,블레이범,火暴兽,火爆獸
0158,ワニノコ,Totodile,Totodile,Totodile,Karnimani,Kaiminus,리아코,小锯鳄,小鋸鱷
0159,アリゲイツ,Croconaw,Croconaw,Croconaw,Tyracroc,Crocrodil,엘리게이,蓝鳄,藍鱷
0160,オーダイル,Feraligatr,Feraligatr,Feraligatr,Impergator,Aligatueur,장크로다일,大力鳄,大力鱷
0161,オタチ,Sentret,Sentret,Sentret,Wiesor,Fouinette,꼬리선,尾立,尾立
0162,オオタチ,Furret,Furret,Furret,Wiesenior,Fouinar,다꼬리,大尾立,大尾立
0163,ホーホー,Hoothoot,Hoothoot,Hoothoot,Hoothoot,Hoothoot,부우부,咕咕,咕咕
0164,ヨルノズク,Noctowl,Noctowl,Noctowl,Noctuh,Noarfang,야부엉,猫头夜鹰,貓頭夜鷹
0165,レディバ,Ledyba,Ledyba,Ledyba,Ledyba,Coxy,레디바,芭瓢虫,芭瓢蟲
0166,レディアン,Ledian,Ledian,Ledian,Ledian,Coxyclaque,레디안,安瓢虫,安瓢蟲
0167,イトマル,Spinarak,Spinarak,Spinarak,Webarak,Mimigal,페이검,圆丝蛛,圓絲蛛
0168,アリアドス,Ariados,Ariados,Ariados,Ariados,Migalos,아리아도스,阿利多斯,阿利多斯
0169,クロバット,Crobat,Crobat,Crobat,Iksbat,Nostenfer,크로뱃,叉字蝠,叉字蝠
0170,チョンチー,Chinchou,Chinchou,Chinchou,Lampi,Loupio,초라기,灯笼鱼,燈籠魚
0171,ランターン,Lanturn,Lanturn,Lanturn,Lanturn,Lanturn,랜턴,电灯怪,電燈怪
0172,ピチュー,Pichu,Pichu,Pichu,Pichu,Pichu,피츄,皮丘,皮丘
0173,ピィ,Cleffa,Cleffa,Cleffa,Pii,Melo,삐,皮宝宝,皮寶寶
0174,ププリン,Igglybuff,Igglybuff,Igglybuff,Fluffeluff,Toudoudou,푸푸린,宝宝丁,寶寶丁
0175,トゲピー,Togepi,Togepi,Togepi,Togepi,Togepi,토게피,波克比,波克比
0176,トゲチック,Togetic,Togetic,Togetic,Togetic,Togetic,토게틱,波克基古,波克基古
0177,ネイティ,Natu,Natu,Natu,Natu,Natu,네이티,天然雀,天然雀
0178,ネイティオ,Xatu,Xatu,Xatu,Xatu,Xatu,네이티오,天然鸟,天然鳥
0179,メリープ,Mareep,Mareep,Mareep,Voltilamm,Wattouat,메리프,咩利羊,咩利羊
0180,モココ,Flaaffy,Flaaffy,Flaaffy,Waaty,Lainergie,보송송,茸茸羊,茸茸羊
0181,デンリュウ,Ampharos,Ampharos,Ampharos,Ampharos,Pharamp,전룡,电龙,電龍
0182,キレイハナ,Bellossom,Bellossom,Bellossom,Blubella,Joliflor,아르코,美丽花,美麗花
0183,マリル,Marill,Marill,Marill,Marill,Marill,마릴,玛力露,瑪力露
0184,マリルリ,Azumarill,Azumarill,Azumarill,Azumarill,Azumarill,마릴리,玛力露丽,瑪力露麗
0185,ウソッキー,Sudowoodo,Sudowoodo,Sudowoodo,Mogelbaum,Simularbre,꼬지모,树才怪,樹才怪
0186,ニョロトノ,Politoed,Politoed,Politoed,Quaxo,Tarpaud,왕구리,蚊香蛙皇,蚊香蛙皇
0187,ハネッコ,Hoppip,Hoppip,Hoppip,Hoppspross,Granivol,통통코,毽子草,毽子草
0188,ポポッコ,Skiploom,Skiploom,Skiploom,Hubelupf,Floravol,두코,毽子花,毽子花
0189,ワタッコ,Jumpluff,Jumpluff,Jumpluff,Papungha,Cotovol,솜솜코,毽子棉,毽子棉
0190,エイパム,Aipom,Aipom,Aipom,Griffel,Capumain,에이팜,长尾怪手,長尾怪手
0191,ヒマナッツ,Sunkern,Sunkern,Sunkern,Sonnkern,Tournegrin,해너츠,向日种子,向日種子
0192,キマワリ,Sunflora,Sunflora,Sunflora,Sonnflora,Heliatronc,해루미,向日花怪,向日花怪
0193,ヤンヤンマ,Yanma,Yanma,Yanma,Yanma,Yanma,왕자리,蜻蜻蜓,蜻蜻蜓
0194,ウパー,Wooper,Wooper,Wooper,Felino,Axoloto,우파,乌波,烏波
0195,ヌオー,Quagsire,Quagsire,Quagsire,Morlord,Maraiste,누오,沼王,沼王
0196,エーフィ,Espeon,Espeon,Espeon,Psiana,Mentali,에브이,太阳伊布,太陽伊布
0197,ブラッキー,Umbreon,Umbreon,Umbreon,Nachtara,Noctali,블래키,月亮伊布,月亮伊布
0198,ヤミカラス,Murkrow,Murkrow,Murkrow,Kramurx,Cornebre,니로우,黑暗鸦,黑暗鴉
0199,ヤドキング,Slowking,Slowking,Slowking,Laschoking,Roigada,야도킹,呆呆王,呆呆王
0200,ムウマ,Misdreavus,Misdreavus,Misdreavus,Traunfugil,Feuforeve,무우마,梦妖,夢妖
0201,アンノーン,Unown,Unown,Unown,Icognito,Zarbi,안농,未知图腾,未知圖騰
0202,ソーナンス,Wobbuffet,Wobbuffet,Wobbuffet,Woingenau,Qulbutoke,마자용,果然翁,果然翁
0203,キリンリキ,Girafarig,Girafarig,Girafarig,Girafarig,Girafarig,키링키,麒麟奇,麒麟奇
0204,クヌギダマ,Pineco,Pineco,Pineco,Tannza,Pomdepic,피콘,榛果球,榛果球
0205,フォレトス,Forretress,Forretress,Forretress,Forstellka,Foretress,쏘콘,佛烈托斯,佛烈托斯
0206,ノコッチ,Dunsparce,Dunsparce,Dunsparce,Dummisel,Insolourdo,노고치,土龙弟弟,土龍弟弟
0207,グライガー,Gligar,Gligar,Gligar,Skorgla,Scorplane,글라이거,天蝎,天蠍
0208,ハガネール,Steelix,Steelix,Steelix,Stahlos,Steelix,강철톤,大钢蛇,大鋼蛇
0209,ブルー,Snubbull,Snubbull,Snubbull,Snubbull,Snubbull,블루,布鲁,布魯
0210,グランブル,Granbull,Granbull,Granbull,Granbull,Granbull,그랑블루,布鲁皇,布魯皇
0211,ハリーセン,Qwilfish,Qwilfish,Qwilfish,Baldorfish,Qwilfish,침바루,千针鱼,千針魚
0212,ハッサム,Scizor,Scizor,Scizor,Scherox,Cizayox,핫삼,巨钳螳螂,巨鉗螳螂
0213,ツボツボ,Shuckle,Shuckle,Shuckle,Pottrott,Caratroc,단단지,壶壶,壺壺
0214,ヘラクロス,Heracross,Heracross,Heracross,Skaraborn,Scarhino,헤라크로스,赫拉克罗斯,赫拉克羅斯
0215,ニューラ,Sneasel,Sneasel,Sneasel,Sniebel,Farfuret,포푸니,狃拉,狃拉
0216,ヒメグマ,Teddiursa,Teddiursa,Teddiursa,Teddiursa,Teddiursa,깜지곰,熊宝宝,熊寶寶
0217,リングマ,Ursaring,Ursaring,Ursaring,Ursaring,Ursaring,링곰,圈圈熊,圈圈熊
0218,マグマッグ,Slugma,Slugma,Slugma,Schneckmag,Limagma,마그마그,熔岩虫,熔岩蟲
0219,マグカルゴ,Magcargo,Magcargo,Magcargo,Magcargo,Volcaropod,마그카르고,熔岩蜗牛,熔岩蝸牛
0220,ウリムー,Swinub,Swinub,Swinub,Quiekel,Marcacrin,꾸꾸리,小山猪,小山豬
0221,イノムー,Piloswine,Piloswine,Piloswine,Keifel,Cochignon,메꾸리,长毛猪,長毛豬
0222,サニーゴ,Corsola,Corsola,Corsola,Corasonn,Corayon,코산호,太阳珊瑚,太陽珊瑚
0223,テッポウオ,Remoraid,Remoraid,Remoraid,Remoraid,Remoraid,총어,铁炮鱼,鐵炮魚
0224,オクタン,Octillery,Octillery,Octillery,Octillery,Octillery,대포무노,章鱼桶,章魚桶
0225,デリバード,Delibird,Delibird,Delibird,Botogel,Cadoizo,딜리버드,信使鸟,信使鳥
0226,マンタイン,Mantine,Mantine,Mantine,Mantax,Demanta,만타인,巨翅飞鱼,巨翅飛魚
0227,エアームド,Skarmory,Skarmory,Skarmory,Panzaeron,Airmure,무장조,盔甲鸟,盔甲鳥
0228,デルビル,Houndour,Houndour,Houndour,Hunduster,Malosse,델빌,戴鲁比,戴魯比
0229,ヘルガー,Houndoom,Houndoom,Houndoom,Hundemon,Demolosse,헬가,黑鲁加,黑魯加
0230,キングドラ,Kingdra,Kingdra,Kingdra,Seedraking,Hyporoi,킹드라,刺龙王,刺龍王
0231,ゴマゾウ,Phanpy,Phanpy,Phanpy,Phanpy,Phanpy,코코리,小小象,小小象
0232,ドンファン,Donphan,Donphan,Donphan,Donphan,Donphan,코리갑,顿甲,頓甲
0233,ポリゴン2,Porygon2,Porygon2,Porygon2,Porygon2,Porygon2,폴리곤2,多边兽2型,多邊獸II
0234,オドシシ,Stantler,Stantler,Stantler,Damhirplex,Cerfrousse,노라키,惊角鹿,驚角鹿
0235,ドーブル,Smeargle,Smeargle,Smeargle,Farbeagle,Queulorior,루브도,图图犬,圖圖犬
0236,バルキー,Tyrogue,Tyrogue,Tyrogue,Rabauz,Debugant,배루키,无畏小子,無畏小子
0237,カポエラー,Hitmontop,Hitmontop,Hitmontop,Kapoera,Kapoera,카포에라,战舞郎,戰舞郎
0238,ムチュール,Smoochum,Smoochum,Smoochum,Kussilla,Lippouti,뽀뽀라,迷唇娃,迷唇娃
0239,エレキッド,Elekid,Elekid,Elekid,Elekid,Elekid,에레키드,电击怪,電擊怪
0240,ブビィ,Magby,Magby,Magby,Magby,Magby,마그비,鸭嘴宝宝,鴨嘴寶寶
0241,ミルタンク,Miltank,Miltank,Miltank,Miltank,Ecremeuh,밀탱크,大奶罐,大奶罐
0242,ハピナス,Blissey,Blissey,Blissey,Heiteira,Leuphorie,해피나스,幸福蛋,幸福蛋
0243,ライコウ,Raikou,Raikou,Raikou,Raikou,Raikou,라이코,雷公,雷公
0244,エンテイ,Entei,Entei,Entei,Entei,Entei,앤테이,炎帝,炎帝
0245,スイクン,Suicune,Suicune,Suicune,Suicune,Suicune,스이쿤,水君,水君
0246,ヨーギラス,Larvitar,Larvitar,Larvitar,Larvitar,Embrylex,애버라스,幼基拉斯,幼基拉斯
0247,サナギラス,Pupitar,Pupitar,Pupitar,Pupitar,Ymphect,데기라스,沙基拉斯,沙基拉斯
0248,バンギラス,Tyranitar,Tyranitar,Tyranitar,Despotar,Tyranocif,마기라스,班基拉斯,班基拉斯
0249,ルギア,Lugia,Lugia,Lugia,Lugia,Lugia,루기아,洛奇亚,洛奇亞
0250,ホウオウ,Ho-Oh,Ho-Oh,Ho-Oh,Ho-Oh,Ho-Oh,칠색조,凤王,鳳王
0251,セレビィ,Celebi,Celebi,Celebi,Celebi,Celebi,세레비,时拉比,時拉比
0252,キモリ,Treecko,Treecko,Treecko,Geckarbor,Arcko,나무지기,木守宫,木守宮
0253,ジュプトル,Grovyle,Grovyle,Grovyle,Reptain,Massko,나무돌이,森林蜥蜴,森林蜥蜴
0254,ジュカイン,Sceptile,Sceptile,Sceptile,Gewaldro,Jungko,나무킹,蜥蜴王,蜥蜴王
0255,アチャモ,Torchic,Torchic,Torchic,Flemmli,Poussifeu,아차모,火稚鸡,火稚雞
0256,ワカシャモ,Combusken,Combusken,Combusken,Jungglut,Galifeu,영치코,力壮鸡,力壯雞
0257,バシャーモ,Blaziken,Blaziken,Blaziken,Lohgock,Brasegali,번치코,火焰鸡,火焰雞
0258,ミズゴロウ,Mudkip,Mudkip,Mudkip,Hydropi,Gobou,물짱이,水跃鱼,水躍魚
0259,ヌマクロー,Marshtomp,Marshtomp,Marshtomp,Moorabbel,Flobio,늪짱이,沼跃鱼,沼躍魚
0260,ラグラージ,Swampert,Swampert,Swampert,Sumpex,Laggron,대짱이,巨沼怪,巨沼怪
0261,ポチエナ,Poochyena,Poochyena,Poochyena,Fiffyen,Medhyena,포챠나,土狼犬,土狼犬
0262,グラエナ,Mightyena,Mightyena,Mightyena,Magnayen,Grahyena,그라에나,大狼犬,大狼犬
0263,ジグザグマ,Zigzagoon,Zigzagoon,Zigzagoon,Zigzachs,Zigzaton,지그제구리,蛇纹熊,蛇紋熊
0264,マッスグマ,Linoone,Linoone,Linoone,Geradaks,Lineon,직구리,直冲熊,直衝熊
0265,ケムッソ,Wurmple,Wurmple,Wurmple,Waumpel,Chenipotte,개무소,刺尾虫,刺尾蟲
0266,カラサリス,Silcoon,Silcoon,Silcoon,Schaloko,Armulys,실쿤,甲壳茧,甲殼繭
0267,アゲハント,Beautifly,Beautifly,Beautifly,Papinella,Charmillon,뷰티플라이,狩猎凤蝶,狩獵鳳蝶
0268,マユルド,Cascoon,Cascoon,Cascoon,Panekon,Blindalys,카스쿤,盾甲茧,盾甲繭
0269,ドクケイル,Dustox,Dustox,Dustox,Pudox,Papinox,독케일,毒粉蛾,毒粉蛾
0270,ハスボー,Lotad,Lotad,Lotad,Loturzel,Nenupiot,연꽃몬,莲叶童子,蓮葉童子
0271,ハスブレロ,Lombre,Lombre,Lombre,Lombrero,Lombre,로토스,莲帽小童,蓮帽小童
0272,ルンパッパ,Ludicolo,Ludicolo,Ludicolo,Kappalores,Ludicolo,로파파,乐天河童,樂天河童
0273,タネボー,Seedot,Seedot,Seedot,Samurzel,Grainipiot,도토링,橡实果,橡實果
0274,コノハナ,Nuzleaf,Nuzleaf,Nuzleaf,Blanas,Pifeuil,잎새코,长鼻叶,長鼻葉
0275,ダーテング,Shiftry,Shiftry,Shiftry,Tengulist,Tengalice,다탱구,狡猾天狗,狡猾天狗
0276,スバメ,Taillow,Taillow,Taillow,Schwalbini,Nirondelle,테일로,傲骨燕,傲骨燕
0277,オオスバメ,Swellow,Swellow,Swellow,Schwalboss,Heledelle,스왈로,大王燕,大王燕
0278,キャモメ,Wingull,Wingull,Wingull,Wingull,Goelise,갈모매,长翅鸥,長翅鷗
0279,ペリッパー,Pelipper,Pelipper,Pelipper,Pelipper,Bekipan,패리퍼,大嘴鸥,大嘴鷗
0280,ラルトス,Ralts,Ralts,Ralts,Trasla,Tarsal,랄토스,拉鲁拉丝,拉魯拉絲
0281,キルリア,Kirlia,Kirlia,Kirlia,Kirlia,Kirlia,킬리아,奇鲁莉安,奇魯莉安
0282,サーナイト,Gardevoir,Gardevoir,Gardevoir,Guardevoir,Gardevoir,가디안,沙奈朵,沙奈朵
0283,アメタマ,Surskit,Surskit,Surskit,Gehweiher,Arakdo,비구술,溜溜糖球,溜溜糖球
0284,アメモース,Masquerain,Masquerain,Masquerain,Maskeregen,Maskadra,비나방,雨翅蛾,雨翅蛾
0285,キノココ,Shroomish,Shroomish,Shroomish,Knilz,Balignon,버섯꼬,蘑蘑菇,蘑蘑菇
0286,キノガッサ,Breloom,Breloom,Breloom,Kapilz,Chapignon,버섯모,斗笠菇,斗笠菇
0287,ナマケロ,Slakoth,Slakoth,Slakoth,Bummelz,Parecool,게을로,懒人獭,懶人獺
0288,ヤルキモノ,Vigoroth,Vigoroth,Vigoroth,Muntier,Vigoroth,발바로,过动猿,過動猿
0289,ケッキング,Slaking,Slaking,Slaking,Letarking,Monaflemit,게을킹,请假王,請假王
0290,ツチニン,Nincada,Nincada,Nincada,Nincada,Ningale,토중몬,土居忍士,土居忍士
0291,テッカニン,Ninjask,Ninjask,Ninjask,Ninjask,Ninjask,아이스크,铁面忍者,鐵面忍者
0292,ヌケニン,Shedinja,Shedinja,Shedinja,Ninjatom,Munja,껍질몬,脱壳忍者,脫殼忍者
0293,ゴニョニョ,Whismur,Whismur,Whismur,Flurmel,Chuchmur,소곤룡,咕妞妞,咕妞妞
0294,ドゴーム,Loudred,Loudred,Loudred,Krakeelo,Ramboum,노공룡,吼爆弹,吼爆彈
0295,バクオング,Exploud,Exploud,Exploud,Krawumms,Brouhabam,폭음룡,爆音怪,爆音怪
0296,マクノシタ,Makuhita,Makuhita,Makuhita,Makuhita,Makuhita,마크탕,幕下力士,幕下力士
0297,ハリテヤマ,Hariyama,Hariyama,Hariyama,Hariyama,Hariyama,하리뭉,铁掌力士,鐵掌力士
0298,ルリリ,Azurill,Azurill,Azurill,Azurill,Azurill,루리리,露力丽,露力麗
0299,ノズパス,Nosepass,Nosepass,Nosepass,Nasgnet,Tarinor,코코파스,朝北鼻,朝北鼻
0300,エネコ,Skitty,Skitty,Skitty,Eneco,Skitty,에나비,向尾喵,向尾喵
0301,エネコロロ,Delcatty,Delcatty,Delcatty,Enekoro,Delcatty,델케티,优雅猫,優雅貓
0302,ヤミラミ,Sableye,Sableye,Sableye,Zobiris,Tenefix,깜까미,勾魂眼,勾魂眼
0303,クチート,Mawile,Mawile,Mawile,Flunkifer,Mysdibule,입치트,大嘴娃,大嘴娃
0304,ココドラ,Aron,Aron,Aron,Stollunior,Galekid,가보리,可可多拉,可可多拉
0305,コドラ,Lairon,Lairon,Lairon,Stollrak,Galegon,갱도라,可多拉,可多拉
0306,ボスゴドラ,Aggron,Aggron,Aggron,Stolloss,Galeking,보스로라,波士可多拉,波士可多拉
0307,アサナン,Meditite,Meditite,Meditite,Meditie,Meditikka,요가랑,玛沙那,瑪沙那
0308,チャーレム,Medicham,Medicham,Medicham,Meditalis,Charmina,요가램,恰雷姆,恰雷姆
0309,ラクライ,Electrike,Electrike,Electrike,Frizelbliz,Dynavolt,썬더라이,落雷兽,落雷獸
0310,ライボルト,Manectric,Manectric,Manectric,Voltenso,Elecsprint,썬더볼트,雷电兽,雷電獸
0311,プラスル,Plusle,Plusle,Plusle,Plusle,Posipi,플러시,正电拍拍,正電拍拍
0312,マイナン,Minun,Minun,Minun,Minun,Negapi,마이농,负电拍拍,負電拍拍
0313,バルビート,Volbeat,Volbeat,Volbeat,Volbeat,Muciole,볼비트,电萤虫,電螢蟲
0314,イルミーゼ,Illumise,Illumise,Illumise,Illumise,Lumivole,네오비트,甜甜萤,甜甜螢
0315,ロゼリア,Roselia,Roselia,Roselia,Roselia,Roselia,로젤리아,毒蔷薇,毒薔薇
0316,ゴクリン,Gulpin,Gulpin,Gulpin,Schluppuck,Gloupti,꼴깍몬,溶食兽,溶食獸
0317,マルノーム,Swalot,Swalot,Swalot,Schlukwech,Avaltout,꿀꺽몬,吞食兽,吞食獸
0318,キバニア,Carvanha,Carvanha,Carvanha,Kanivanha,Carvanha,샤프니아,利牙鱼,利牙魚
0319,サメハダー,Sharpedo,Sharpedo,Sharpedo,Tohaido,Sharpedo,샤크니아,巨牙鲨,巨牙鯊
0320,ホエルコ,Wailmer,Wailmer,Wailmer,Wailmer,Wailmer,고래왕자,吼吼鲸,吼吼鯨
0321,ホエルオー,Wailord,Wailord,Wailord,Wailord,Wailord,고래왕,吼鲸王,吼鯨王
0322,ドンメル,Numel,Numel,Numel,Camaub,Chamallot,둔타,呆火驼,呆火駝
0323,バクーダ,Camerupt,Camerupt,Camerupt,Camerupt,Camerupt,폭타,喷火驼,噴火駝
0324,コータス,Torkoal,Torkoal,Torkoal,Qurtel,Chartor,코터스,煤炭龟,煤炭龜
0325,バネブー,Spoink,Spoink,Spoink,Spoink,Spoink,피그점프,跳跳猪,跳跳豬
0326,ブーピッグ,Grumpig,Grumpig,Grumpig,Groink,Groret,피그킹,噗噗猪,噗噗豬
0327,パッチール,Spinda,Spinda,Spinda,Pandir,Spinda,얼루기,晃晃斑,晃晃斑
0328,ナックラー,Trapinch,Trapinch,Trapinch,Knacklion,Kraknoix,톱치,大颚蚁,大顎蟻
0329,ビブラーバ,Vibrava,Vibrava,Vibrava,Vibrava,Vibraninf,비브라바,超音波幼虫,超音波幼蟲
0330,フライゴン,Flygon,Flygon,Flygon,Libelldra,Libegon,플라이곤,沙漠蜻蜓,沙漠蜻蜓
0331,サボネア,Cacnea,Cacnea,Cacnea,Tuska,Cacnea,선인왕,刺球仙人掌,刺球仙人掌
0332,ノクタス,Cacturne,Cacturne,Cacturne,Noktuska,Cacturne,밤선인,梦歌仙人掌,夢歌仙人掌
0333,チルット,Swablu,Swablu,Swablu,Wablu,Tylton,파비코,青绵鸟,青綿鳥
0334,チルタリス,Altaria,Altaria,Altaria,Altaria,Altaria,파비코리,七夕青鸟,七夕青鳥
0335,ザングース,Zangoose,Zangoose,Zangoose,Sengo,Mangriff,쟝고,猫鼬斩,貓鼬斬
0336,ハブネーク,Seviper,Seviper,Seviper,Vipitis,Seviper,세비퍼,饭匙蛇,飯匙蛇
0337,ルナトーン,Lunatone,Lunatone,Lunatone,Lunastein,Seleroc,루나톤,月石,月石
0338,ソルロック,Solrock,Solrock,Solrock,Sonnfel,Solaroc,솔록,太阳岩,太陽岩
0339,ドジョッチ,Barboach,Barboach,Barboach,Schmerbe,Barloche,미꾸리,泥泥鳅,泥泥鰍
0340,ナマズン,Whiscash,Whiscash,Whiscash,Welsar,Barbicha,메깅,鲶鱼王,鯰魚王
0341,ヘイガニ,Corphish,Corphish,Corphish,Krebscorps,Ecrapince,가재군,龙虾小兵,龍蝦小兵
0342,シザリガー,Crawdaunt,Crawdaunt,Crawdaunt,Krebutack,Colhomard,가재장군,铁螯龙虾,鐵螯龍蝦
0343,ヤジロン,Baltoy,Baltoy,Baltoy,Puppance,Balbuto,오뚝군,天秤偶,天秤偶
0344,ネンドール,Claydol,Claydol,Claydol,Lepumentas,Kaorine,점토도리,念力土偶,念力土偶
0345,リリーラ,Lileep,Lileep,Lileep,Liliep,Lilia,릴링,触手百合,觸手百合
0346,ユレイドル,Cradily,Cradily,Cradily,Wielie,Vacilys,릴리요,摇篮百合,搖籃百合
0347,アノプス,Anorith,Anorith,Anorith,Anorith,Anorith,아노딥스,太古羽虫,太古羽蟲
0348,アーマルド,Armaldo,Armaldo,Armaldo,Armaldo,Armaldo,아말도,太古盔甲,太古盔甲
0349,ヒンバス,Feebas,Feebas,Feebas,Barschwa,Barpau,빈티나,丑丑鱼,醜醜魚
0350,ミロカロス,Milotic,Milotic,Milotic,Milotic,Milobellus,밀로틱,美纳斯,美納斯
0351,ポワルン,Castform,Castform,Castform,Formeo,Morpheo,캐스퐁,飘浮泡泡,飄浮泡泡
0352,カクレオン,Kecleon,Kecleon,Kecleon,Kecleon,Kecleon,켈리몬,变隐龙,變隱龍
0353,カゲボウズ,Shuppet,Shuppet,Shuppet,Shuppet,Polichombr,어둠대신,怨影娃娃,怨影娃娃
0354,ジュペッタ,Banette,Banette,Banette,Banette,Branette,다크펫,诅咒娃娃,詛咒娃娃
0355,ヨマワル,Duskull,Duskull,Duskull,Zwirrlicht,Skelenox,해골몽,夜巡灵,夜巡靈
0356,サマヨール,Dusclops,Dusclops,Dusclops,Zwirrklop,Teraclope,미라몽,彷徨夜灵,彷徨夜靈
0357,トロピウス,Tropius,Tropius,Tropius,Tropius,Tropius,트로피우스,热带龙,熱帶龍
0358,チリーン,Chimecho,Chimecho,Chimecho,Palimpalim,Eoko,치렁,风铃铃,風鈴鈴
0359,アブソル,Absol,Absol,Absol,Absol,Absol,앱솔,阿勃梭鲁,阿勃梭魯
0360,ソーナノ,Wynaut,Wynaut,Wynaut,Isso,Okeoke,마자,小果然,小果然
0361,ユキワラシ,Snorunt,Snorunt,Snorunt,Schneppke,Stalgamin,눈꼬마,雪童子,雪童子
0362,オニゴーリ,Glalie,Glalie,Glalie,Firnontor,Oniglali,얼음귀신,冰鬼护,冰鬼護
0363,タマザラシ,Spheal,Spheal,Spheal,Seemops,Obalie,대굴레오,海豹球,海豹球
0364,トドグラー,Sealeo,Sealeo,Sealeo,Seejong,Phogleur,씨레오,海魔狮,海魔獅
0365,トドゼルガ,Walrein,Walrein,Walrein,Walraisa,Kaimorse,씨카이저,帝牙海狮,帝牙海獅
0366,パールル,Clamperl,Clamperl,Clamperl,Perlu,Coquiperl,진주몽,珍珠贝,珍珠貝
0367,ハンテール,Huntail,Huntail,Huntail,Aalabyss,Serpang,헌테일,猎斑鱼,獵斑魚
0368,サクラビス,Gorebyss,Gorebyss,Gorebyss,Saganabyss,Rosabyss,분홍장이,樱花鱼,櫻花魚
0369,ジーランス,Relicanth,Relicanth,Relicanth,Relicanth,Relicanth,시라칸,古空棘鱼,古空棘魚
0370,ラブカス,Luvdisc,Luvdisc,Luvdisc,Liebiskus,Lovdisc,사랑동이,爱心鱼,愛心魚
0371,タツベイ,Bagon,Bagon,Bagon,Kindwurm,Draby,아공이,宝贝龙,寶貝龍
0372,コモルー,Shelgon,Shelgon,Shelgon,Draschel,Drackhaus,쉘곤,甲壳龙,甲殼龍
0373,ボーマンダ,Salamence,Salamence,Salamence,Brutalanda,Drattak,보만다,暴飞龙,暴飛龍
0374,ダンバル,Beldum,Beldum,Beldum,Tanhel,Terhal,메탕,铁哑铃,鐵啞鈴
0375,メタング,Metang,Metang,Metang,Metang,Metang,메탕구,金属怪,金屬怪
0376,メタグロス,Metagross,Metagross,Metagross,Metagross,Metalosse,메타그로스,巨金怪,巨金怪
0377,レジロック,Regirock,Regirock,Regirock,Regirock,Regirock,레지락,雷吉洛克,雷吉洛克
0378,レジアイス,Regice,Regice,Regice,Regice,Regice,레지아이스,雷吉艾斯,雷吉艾斯
0379,レジスチル,Registeel,Registeel,Registeel,Registeel,Registeel,레지스틸,雷吉斯奇鲁,雷吉斯奇魯
0380,ラティアス,Latias,Latias,Latias,Latias,Latias,라티아스,拉帝亚斯,拉帝亞斯
0381,ラティオス,Latios,Latios,Latios,Latios,Latios,라티오스,拉帝欧斯,拉帝歐斯
0382,カイオーガ,Kyogre,Kyogre,Kyogre,Kyogre,Kyogre,가이오가,盖欧卡,蓋歐卡
0383,グラードン,Groudon,Groudon,Groudon,Groudon,Groudon,그란돈,固拉多,固拉多
0384,レックウザ,Rayquaza,Rayquaza,Rayquaza,Rayquaza,Rayquaza,레쿠쟈,烈空坐,烈空坐
0385,ジラーチ,Jirachi,Jirachi,Jirachi,Jirachi,Jirachi,지라치,基拉祈,基拉祈
0386,デオキシス,Deoxys,Deoxys,Deoxys,Deoxys,Deoxys,테오키스,代欧奇希斯,代歐奇希斯
0387,ナエトル,Turtwig,Turtwig,Turtwig,Chelast,Tortipouss,모부기,草苗龟,草苗龜
0388,ハヤシガメ,Grotle,Grotle,Grotle,Chelcarain,Boskara,수풀부기,树林龟,樹林龜
0389,ドダイトス,Torterra,Torterra,Torterra,Chelterrar,Torterra,토대부기,土台龟,土台龜
0390,ヒコザル,Chimchar,Chimchar,Chimchar,Panflam,Ouisticram,불꽃숭이,小火焰猴,小火焰猴
0391,モウカザル,Monferno,Monferno,Monferno,Panpyro,Chimpenfeu,파이숭이,猛火猴,猛火猴
0392,ゴウカザル,Infernape,Infernape,Infernape,Panferno,Simiabraz,초염몽,烈焰猴,烈焰猴
0393,ポッチャマ,Piplup,Piplup,Piplup,Plinfa,Tiplouf,팽도리,波加曼,波加曼
0394,ポッタイシ,Prinplup,Prinplup,Prinplup,Pliprin,Prinplouf,팽태자,波皇子,波皇子
0395,エンペルト,Empoleon,Empoleon,Empoleon,Impoleon,Pingoleon,엠페르트,帝王拿波,帝王拿波
0396,ムックル,Starly,Starly,Starly,Staralili,Etourmi,찌르꼬,姆克儿,姆克兒
0397,ムクバード,Staravia,Staravia,Staravia,Staravia,Etourvol,찌르버드,姆克鸟,姆克鳥
0398,ムクホーク,Staraptor,Staraptor,Staraptor,Staraptor,Etouraptor,찌르호크,姆克鹰,姆克鷹
0399,ビッパ,Bidoof,Bidoof,Bidoof,Bidiza,Keunotor,비버니,大牙狸,大牙狸
0400,ビーダル,Bibarel,Bibarel,Bibarel,Bidifas,Castorno,비버통,大尾狸,大尾狸
0401,コロボーシ,Kricketot,Kricketot,Kricketot,Zirpurze,Crikzik,귀뚤뚜기,圆法师,圓法師
0402,コロトック,Kricketune,Kricketune,Kricketune,Zirpeise,Melokrik,귀뚤톡크,音箱蟀,音箱蟀
0403,コリンク,Shinx,Shinx,Shinx,Sheinux,Lixy,꼬링크,小猫怪,小貓怪
0404,ルクシオ,Luxio,Luxio,Luxio,Luxio,Luxio,럭시오,勒克猫,勒克貓
0405,レントラー,Luxray,Luxray,Luxray,Luxtra,Luxray,렌트라,伦琴猫,倫琴貓
0406,スボミー,Budew,Budew,Budew,Knospi,Rozbouton,꼬몽울,含羞苞,含羞苞
0407,ロズレイド,Roserade,Roserade,Roserade,Roserade,Roserade,로즈레이드,罗丝雷朵,羅絲雷朵
0408,ズガイドス,Cranidos,Cranidos,Cranidos,Koknodon,Kranidos,두개도스,头盖龙,頭蓋龍
0409,ラムパルド,Rampardos,Rampardos,Rampardos,Rameidon,Charkos,램펄드,战槌龙,戰槌龍
0410,タテトプス,Shieldon,Shieldon,Shieldon,Schilterus,Dinoclier,방패톱스,盾甲龙,盾甲龍
0411,トリデプス,Bastiodon,Bastiodon,Bastiodon,Bollterus,Bastiodon,바리톱스,护城龙,護城龍
0412,ミノムッチ,Burmy,Burmy,Burmy,Burmy,Cheniti,도롱충이,结草儿,結草兒
0413,ミノマダム,Wormadam,Wormadam,Wormadam,Burmadame,Cheniselle,도롱마담,结草贵妇,結草貴婦
0414,ガーメイル,Mothim,Mothim,Mothim,Moterpel,Papilord,나메일,绅士蛾,紳士蛾
0415,ミツハニー,Combee,Combee,Combee,Wadribie,Apitrini,세꿀버리,三蜜蜂,三蜜蜂
0416,ビークイン,Vespiquen,Vespiquen,Vespiquen,Honweisel,Apireine,비퀸,蜂女王,蜂女王
0417,パチリス,Pachirisu,Pachirisu,Pachirisu,Pachirisu,Pachirisu,파치리스,帕奇利兹,帕奇利茲
0418,ブイゼル,Buizel,Buizel,Buizel,Bamelin,Mustebouee,브이젤,泳圈鼬,泳圈鼬
0419,フローゼル,Floatzel,Floatzel,Floatzel,Bojelin,Musteflott,플로젤,浮潜鼬,浮潛鼬
0420,チェリンボ,Cherubi,Cherubi,Cherubi,Kikugi,Ceribou,체리버,樱花宝,櫻花寶
0421,チェリム,Cherrim,Cherrim,Cherrim,Kinoso,Ceriflor,체리꼬,樱花儿,櫻花兒
0422,カラナクシ,Shellos,Shellos,Shellos,Schalellos,Sancoki,깝질무,无壳海兔,無殼海兔
0423,トリトドン,Gastrodon,Gastrodon,Gastrodon,Gastrodon,Tritosor,트리토돈,海兔兽,海兔獸
0424,エテボース,Ambipom,Ambipom,Ambipom,Ambidiffel,Capidextre,겟핸보숭,双尾怪手,雙尾怪手
0425,フワンテ,Drifloon,Drifloon,Drifloon,Driftlon,Baudrive,흔들풍손,飘飘球,飄飄球
0426,フワライド,Drifblim,Drifblim,Drifblim,Drifzepeli,Grodrive,둥실라이드,随风球,隨風球
0427,ミミロル,Buneary,Buneary,Buneary,Haspiror,Laporeille,이어롤,卷卷耳,捲捲耳
0428,ミミロップ,Lopunny,Lopunny,Lopunny,Schlapor,Lockpin,이어롭,长耳兔,長耳兔
0429,ムウマージ,Mismagius,Mismagius,Mismagius,Traunmagil,Magirêve,무우마직,梦妖魔,夢妖魔
0430,ドンカラス,Honchkrow,Honchkrow,Honchkrow,Kramshef,Corboss,돈크로우,乌鸦头头,烏鴉頭頭
0431,ニャルマー,Glameow,Glameow,Glameow,Charmian,Chaglam,나옹마,魅力喵,魅力喵
0432,ブニャット,Purugly,Purugly,Purugly,Shnurgarst,Chaffreux,몬냥이,东施喵,東施喵
0433,リーシャン,Chingling,Chingling,Chingling,Klingplim,Korillon,랑딸랑,铃铛响,鈴鐺響
0434,スカンプー,Stunky,Stunky,Stunky,Skunkapuh,Moufouette,스컹뿡,臭鼬噗,臭鼬噗
0435,スカタンク,Skuntank,Skuntank,Skuntank,Skuntank,Moufflair,스컹탱크,坦克臭鼬,坦克臭鼬
0436,ドーミラー,Bronzor,Bronzor,Bronzor,Bronzel,Archeomire,동미러,铜镜怪,銅鏡怪
0437,ドータクン,Bronzong,Bronzong,Bronzong,Bronzong,Archeodong,동탁군,青铜钟,青銅鐘
0438,ウソハチ,Bonsly,Bonsly,Bonsly,Mobai,Manzai,꼬지지,盆才怪,盆才怪
0439,マネネ,Mime Jr.,Mime Jr.,Mime Jr.,Pantimimi,Mime Jr,흉내내,魔尼尼,魔尼尼
0440,ピンプク,Happiny,Happiny,Happiny,Wonneira,Ptiravi,핑복,小福蛋,小福蛋
0441,ペラップ,Chatot,Chatot,Chatot,Plaudagei,Pijako,페라페,聒噪鸟,聒噪鳥
0442,ミカルゲ,Spiritomb,Spiritomb,Spiritomb,Kryppuk,Spiritomb,화강돌,花岩怪,花岩怪
0443,フカマル,Gible,Gible,Gible,Kaumalat,Griknot,딥상어동,圆陆鲨,圓陸鯊
0444,ガバイト,Gabite,Gabite,Gabite,Knarksel,Carmache,한바이트,尖牙陆鲨,尖牙陸鯊
0445,ガブリアス,Garchomp,Garchomp,Garchomp,Knakrack,Carchacrok,한카리아스,烈咬陆鲨,烈咬陸鯊
0446,ゴンベ,Munchlax,Munchlax,Munchlax,Mampfaxo,Goinfrex,먹고자,小卡比兽,小卡比獸
0447,リオル,Riolu,Riolu,Riolu,Riolu,Riolu,리오르,利欧路,利歐路
0448,ルカリオ,Lucario,Lucario,Lucario,Lucario,Lucario,루카리오,路卡利欧,路卡利歐
0449,ヒポポタス,Hippopotas,Hippopotas,Hippopotas,Hippopotas,Hippopotas,히포포타스,沙河马,沙河馬
0450,カバルドン,Hippowdon,Hippowdon,Hippowdon,Hippoterus,Hippodocus,하마돈,河马兽,河馬獸
0451,スコルピ,Skorupi,Skorupi,Skorupi,Pionskora,Rapion,스콜피,钳尾蝎,鉗尾蠍
0452,ドラピオン,Drapion,Drapion,Drapion,Piondragi,Drascore,드래피온,龙王蝎,龍王蠍
0453,グレッグル,Croagunk,Croagunk,Croagunk,Glibunkel,Cradopaud,삐딱구리,不良蛙,不良蛙
0454,ドクロッグ,Toxicroak,Toxicroak,Toxicroak,Toxiquak,Coatox,독개굴,毒骷蛙,毒骷蛙
0455,マスキッパ,Carnivine,Carnivine,Carnivine,Venuflibis,Vortente,무스틈니,尖牙笼,尖牙籠
0456,ケイコウオ,Finneon,Finneon,Finneon,Finneon,Ecayon,형광어,荧光鱼,螢光魚
0457,ネオラント,Lumineon,Lumineon,Lumineon,Lumineon,Lumineon,네오라이트,霓虹鱼,霓虹魚
0458,タマンタ,Mantyke,Mantyke,Mantyke,Mantirps,Babimanta,타만타,小球飞鱼,小球飛魚
0459,ユキカブリ,Snover,Snover,Snover,Shnebedeck,Blizzi,눈쓰개,雪笠怪,雪笠怪
0460,ユキノオー,Abomasnow,Abomasnow,Abomasnow,Rexblisar,Blizzaroi,눈설왕,暴雪王,暴雪王
0461,マニューラ,Weavile,Weavile,Weavile,Snibunna,Dimoret,포푸니라,玛狃拉,瑪狃拉
0462,ジバコイル,Magnezone,Magnezone,Magnezone,Magnezone,Magnezone,자포코일,自爆磁怪,自爆磁怪
0463,ベロベルト,Lickilicky,Lickilicky,Lickilicky,Schlurplek,Coudlangue,내룸벨트,大舌舔,大舌舔
0464,ドサイドン,Rhyperior,Rhyperior,Rhyperior,Rihornior,Rhinastoc,거대코뿌리,超甲狂犀,超甲狂犀
0465,モジャンボ,Tangrowth,Tangrowth,Tangrowth,Tangoloss,Bouldeneu,덩쿠림보,巨蔓藤,巨蔓藤
0466,エレキブル,Electivire,Electivire,Electivire,Elevoltek,Elekable,에레키블,电击魔兽,電擊魔獸
0467,ブーバーン,Magmortar,Magmortar,Magmortar,Magbrant,Maganon,마그마번,鸭嘴炎兽,鴨嘴炎獸
0468,トゲキッス,Togekiss,Togekiss,Togekiss,Togekiss,Togekiss,토게키스,波克基斯,波克基斯
0469,メガヤンマ,Yanmega,Yanmega,Yanmega,Yanmega,Yanmega,메가자리,远古巨蜓,遠古巨蜓
0470,リーフィア,Leafeon,Leafeon,Leafeon,Folipurba,Phyllali,리피아,叶伊布,葉伊布
0471,グレイシア,Glaceon,Glaceon,Glaceon,Glaziola,Givrali,글레이시아,冰伊布,冰伊布
0472,グライオン,Gliscor,Gliscor,Gliscor,Skorgro,Scorvol,글라이온,天蝎王,天蠍王
0473,マンムー,Mamoswine,Mamoswine,Mamoswine,Mamutel,Mammochon,맘모꾸리,象牙猪,象牙豬
0474,ポリゴンZ,Porygon-Z,Porygon-Z,Porygon-Z,Porygon-Z,Porygon-Z,폴리곤Z,多边兽乙型,多邊獸Ｚ
0475,エルレイド,Gallade,Gallade,Gallade,Galagladi,Gallame,엘레이드,艾路雷朵,艾路雷朵
0476,ダイノーズ,Probopass,Probopass,Probopass,Voluminas,Tarinorme,대코파스,大朝北鼻,大朝北鼻
0477,ヨノワール,Dusknoir,Dusknoir,Dusknoir,Zwirrfinst,Noctunoir,야느와르몽,黑夜魔灵,黑夜魔靈
0478,ユキメノコ,Froslass,Froslass,Froslass,Frosdedje,Momartik,눈여아,雪妖女,雪妖女
0479,ロトム,Rotom,Rotom,Rotom,Rotom,Motisma,로토무,洛托姆,洛托姆
0480,ユクシー,Uxie,Uxie,Uxie,Selfe,Crehelf,유크시,由克希,由克希
0481,エムリット,Mesprit,Mesprit,Mesprit,Vesprit,Crefollet,엠라이트,艾姆利多,艾姆利多
0482,アグノム,Azelf,Azelf,Azelf,Tobutz,Crefadet,아그놈,亚克诺姆,亞克諾姆
0483,ディアルガ,Dialga,Dialga,Dialga,Dialga,Dialga,디아루가,帝牙卢卡,帝牙盧卡
0484,パルキア,Palkia,Palkia,Palkia,Palkia,Palkia,펄기아,帕路奇亚,帕路奇亞
0485,ヒードラン,Heatran,Heatran,Heatran,Heatran,Heatran,히드런,席多蓝恩,席多藍恩
0486,レジギガス,Regigigas,Regigigas,Regigigas,Regigigas,Regigigas,레지기가스,雷吉奇卡斯,雷吉奇卡斯
0487,ギラティナ,Giratina,Giratina,Giratina,Giratina,Giratina,기라티나,骑拉帝纳,騎拉帝納
0488,クレセリア,Cresselia,Cresselia,Cresselia,Cresselia,Cresselia,크레세리아,克雷色利亚,克雷色利亞
0489,フィオネ,Phione,Phione,Phione,Phione,Phione,피오네,霏欧纳,霏歐納
0490,マナフィ,Manaphy,Manaphy,Manaphy,Manaphy,Manaphy,마나피,玛纳霏,瑪納霏
0491,ダークライ,Darkrai,Darkrai,Darkrai,Darkrai,Darkrai,다크라이,达克莱伊,達克萊伊
0492,シェイミ,Shaymin,Shaymin,Shaymin,Shaymin,Shaymin,쉐이미,谢米,謝米
0493,アルセウス,Arceus,Arceus,Arceus,Arceus,Arceus,아르세우스,阿尔宙斯,阿爾宙斯
0494,ビクティニ,Victini,Victini,Victini,Victini,Victini,비크티니,比克提尼,比克提尼
0495,ツタージャ,Snivy,Snivy,Snivy,Serpifeu,Vipélierre,주리비얀,藤藤蛇,藤藤蛇
0496,ジャノビー,Servine,Servine,Servine,Efoserp,Lianaja,샤비,青藤蛇,青藤蛇
0497,ジャローダ,Serperior,Serperior,Serperior,Serpiroyal,Majaspic,샤로다,君主蛇,君主蛇
0498,ポカブ,Tepig,Tepig,Tepig,Floink,Gruikui,뚜꾸리,暖暖猪,暖暖豬
0499,チャオブー,Pignite,Pignite,Pignite,Ferkokel,Grotichon,챠오꿀,炒炒猪,炒炒豬
0500,エンブオー,Emboar,Emboar,Emboar,Flambirex,Roitiflam,염무왕,炎武王,炎武王
0501,ミジュマル,Oshawott,Oshawott,Oshawott,Ottaro,Moustillon,수댕이,水水獭,水水獺
0502,フタチマル,Dewott,Dewott,Dewott,Zwottronin,Mateloutre,쌍검자비,双刃丸,雙刃丸
0503,ダイケンキ,Samurott,Samurott,Samurott,Admurai,Clamiral,대검귀,大剑鬼,大劍鬼
0504,ミネズミ,Patrat,Patrat,Patrat,Nagelotz,Ratentif,보르쥐,探探鼠,探探鼠
0505,ミルホッグ,Watchog,Watchog,Watchog,Kukmarda,Miradar,보르그,步哨鼠,步哨鼠
0506,ヨーテリー,Lillipup,Lillipup,Lillipup,Yorkleff,Ponchiot,요테리,小约克,小約克
0507,ハーデリア,Herdier,Herdier,Herdier,Terribark,Ponchien,하데리어,哈约克,哈約克
0508,ムーランド,Stoutland,Stoutland,Stoutland,Bissbark,Mastouffe,바랜드,长毛狗,長毛狗
0509,チョロネコ,Purrloin,Purrloin,Purrloin,Felilou,Chacripan,쌔비냥,扒手猫,扒手貓
0510,レパルダス,Liepard,Liepard,Liepard,Kleoparda,Léopardas,레파르다스,酷豹,酷豹
0511,ヤナップ,Pansage,Pansage,Pansage,Vegimak,Feuillajou,야나프,花椰猴,花椰猴
0512,ヤナッキー,Simisage,Simisage,Simisage,Vegichita,Feuiloutan,야나키,花椰猿,花椰猿
0513,バオップ,Pansear,Pansear,Pansear,Grillmak,Flamajou,바오프,爆香猴,爆香猴
0514,バオッキー,Simisear,Simisear,Simisear,Grillchita,Flamoutan,바오키,爆香猿,爆香猿
0515,ヒヤップ,Panpour,Panpour,Panpour,Sodamak,Flotajou,앗차프,冷水猴,冷水猴
0516,ヒヤッキー,Simipour,Simipour,Simipour,Sodachita,Flotoutan,앗차키,冷水猿,冷水猿
0517,ムンナ,Munna,Munna,Munna,Somniam,Munna,몽나,食梦梦,食夢夢
0518,ムシャーナ,Musharna,Musharna,Musharna,Somnivora,Mushana,몽얌나,梦梦蚀,夢夢蝕
0519,マメパト,Pidove,Pidove,Pidove,Dusselgurr,Poichigeon,콩둘기,豆豆鸽,豆豆鴿
0520,ハトーボー,Tranquill,Tranquill,Tranquill,Navitaub,Colombeau,유토브,咕咕鸽,咕咕鴿
0521,ケンホロウ,Unfezant,Unfezant,Unfezant,Fasasnob,Déflaisan,켄호로우,高傲雉鸡,高傲雉雞
0522,シママ,Blitzle,Blitzle,Blitzle,Elezeba,Zébribon,줄뮤마,斑斑马,斑斑馬
0523,ゼブライカ,Zebstrika,Zebstrika,Zebstrika,Zebritz,Zéblitz,제브라이카,雷电斑马,雷電斑馬
0524,ダンゴロ,Roggenrola,Roggenrola,Roggenrola,Kiesling,Nodulithe,단굴,石丸子,石丸子
0525,ガントル,Boldore,Boldore,Boldore,Sedimantur,Géolithe,암트르,地幔岩,地幔岩
0526,ギガイアス,Gigalith,Gigalith,Gigalith,Brockoloss,Gigalithe,기가이어스,庞岩怪,龐岩怪
0527,コロモリ,Woobat,Woobat,Woobat,Fleknoil,Chovsourir,또르박쥐,滚滚蝙蝠,滾滾蝙蝠
0528,ココロモリ,Swoobat,Swoobat,Swoobat,Fletiamo,Rhinolove,맘박쥐,心蝙蝠,心蝙蝠
0529,モグリュー,Drilbur,Drilbur,Drilbur,Rotomurf,Rototaupe,두더류,螺钉地鼠,螺釘地鼠
0530,ドリュウズ,Excadrill,Excadrill,Excadrill,Stalobor,Minotaupe,몰드류,龙头地鼠,龍頭地鼠
0531,タブンネ,Audino,Audino,Audino,Ohrdoch,Nanméouïe,다부니,差不多娃娃,差不多娃娃
0532,ドッコラー,Timburr,Timburr,Timburr,Praktibalk,Charpenti,으랏차,搬运小匠,搬運小匠
0533,ドテッコツ,Gurdurr,Gurdurr,Gurdurr,Strepoli,Ouvrifier,토쇠골,铁骨土人,鐵骨土人
0534,ローブシン,Conkeldurr,Conkeldurr,Conkeldurr,Meistagrif,Bétochef,노보청,修建老匠,修建老匠
0535,オタマロ,Tympole,Tympole,Tympole,Schallquap,Tritonde,동챙이,圆蝌蚪,圓蝌蚪
0536,ガマガル,Palpitoad,Palpitoad,Palpitoad,Mebrana,Batracné,두까비,蓝蟾蜍,藍蟾蜍
0537,ガマゲロゲ,Seismitoad,Seismitoad,Seismitoad,Branawarz,Crapustule,두빅굴,蟾蜍王,蟾蜍王
0538,ナゲキ,Throh,Throh,Throh,Jiutesto,Judokrak,던지미,投摔鬼,投摔鬼
0539,ダゲキ,Sawk,Sawk,Sawk,Karadonis,Karaclée,타격귀,打击鬼,打擊鬼
0540,クルミル,Sewaddle,Sewaddle,Sewaddle,Strawickl,Larveyette,두르보,虫宝包,蟲寶包
0541,クルマユ,Swadloon,Swadloon,Swadloon,Folikon,Couverdure,두르쿤,宝包茧,寶包繭
0542,ハハコモリ,Leavanny,Leavanny,Leavanny,Matrifol,Manternel,모아머,保姆虫,保母蟲
0543,フシデ,Venipede,Venipede,Venipede,Toxiped,Venipatte,마디네,百足蜈蚣,百足蜈蚣
0544,ホイーガ,Whirlipede,Whirlipede,Whirlipede,Rollum,Scobolide,휠구,车轮球,車輪毬
0545,ペンドラー,Scolipede,Scolipede,Scolipede,Cerapendra,Brutapode,펜드라,蜈蚣王,蜈蚣王
0546,モンメン,Cottonee,Cottonee,Cottonee,Waumboll,Doudouvet,소미안,木棉球,木棉球
0547,エルフーン,Whimsicott,Whimsicott,Whimsicott,Elfun,Farfaduvet,엘풍,风妖精,風妖精
0548,チュリネ,Petilil,Petilil,Petilil,Lilminip,Chlorobule,치릴리,百合根娃娃,百合根娃娃
0549,ドレディア,Lilligant,Lilligant,Lilligant,Dressella,Fragilady,드레디어,裙儿小姐,裙兒小姐
0550,バスラオ,Basculin,Basculin,Basculin,Barschuft,Bargantua,배쓰나이,野蛮鲈鱼,野蠻鱸魚
0551,メグロコ,Sandile,Sandile,Sandile,Ganovil,Mascaïman,깜눈크,黑眼鳄,黑眼鱷
0552,ワルビル,Krokorok,Krokorok,Krokorok,Rokkaiman,Escroco,악비르,混混鳄,混混鱷
0553,ワルビアル,Krookodile,Krookodile,Krookodile,Rabigator,Crocorible,악비아르,流氓鳄,流氓鱷
0554,ダルマッカ,Darumaka,Darumaka,Darumaka,Flampion,Darumarond,달막화,火红不倒翁,火紅不倒翁
0555,ヒヒダルマ,Darmanitan,Darmanitan,Darmanitan,Flampivian,Darumacho,불비달마,达摩狒狒,達摩狒狒
0556,マラカッチ,Maractus,Maractus,Maractus,Maracamba,Maracachi,마라카치,沙铃仙人掌,沙鈴仙人掌
0557,イシズマイ,Dwebble,Dwebble,Dwebble,Lithomith,Crabicoque,돌살이,石居蟹,石居蟹
0558,イワパレス,Crustle,Crustle,Crustle,Castellith,Crabaraque,암팰리스,岩殿居蟹,岩殿居蟹
0559,ズルッグ,Scraggy,Scraggy,Scraggy,Zurrokex,Baggiguane,곤율랭,滑滑小子,滑滑小子
0560,ズルズキン,Scrafty,Scrafty,Scrafty,Irokex,Baggaïd,곤율거니,头巾混混,頭巾混混
0561,シンボラー,Sigilyph,Sigilyph,Sigilyph,Symvolara,Cryptéro,심보러,象征鸟,象徵鳥
0562,デスマス,Yamask,Yamask,Yamask,Makabaja,Tutafeh,데스마스,哭哭面具,哭哭面具
0563,デスカーン,Cofagrigus,Cofagrigus,Cofagrigus,Echnatoll,Tutankafer,데스니칸,迭失棺,死神棺
0564,プロトーガ,Tirtouga,Tirtouga,Tirtouga,Galapaflos,Carapagos,프로토가,原盖海龟,原蓋海龜
0565,アバゴーラ,Carracosta,Carracosta,Carracosta,Karippas,Mégapagos,늑골라,肋骨海龟,肋骨海龜
0566,アーケン,Archen,Archen,Archen,Flapteryx,Arkéapti,아켄,始祖小鸟,始祖小鳥
0567,アーケオス,Archeops,Archeops,Archeops,Aeropteryx,Aéroptéryx,아케오스,始祖大鸟,始祖大鳥
0568,ヤブクロン,Trubbish,Trubbish,Trubbish,Unratütox,Miamiasme,깨봉이,破破袋,破破袋
0569,ダストダス,Garbodor,Garbodor,Garbodor,Deponitox,Miasmax,더스트나,灰尘山,灰塵山
0570,ゾロア,Zorua,Zorua,Zorua,Zorua,Zorua,조로아,索罗亚,索羅亞
0571,ゾロアーク,Zoroark,Zoroark,Zoroark,Zoroark,Zoroark,조로아크,索罗亚克,索羅亞克
0572,チラーミィ,Minccino,Minccino,Minccino,Picochilla,Chinchidou,치라미,泡沫栗鼠,泡沫栗鼠
0573,チラチーノ,Cinccino,Cinccino,Cinccino,Chillabell,Pashmilla,치라치노,奇诺栗鼠,奇諾栗鼠
0574,ゴチム,Gothita,Gothita,Gothita,Mollimorba,Scrutella,고디탱,哥德宝宝,哥德寶寶
0575,ゴチミル,Gothorita,Gothorita,Gothorita,Hypnomorba,Mesmérella,고디보미,哥德小童,哥德小童
0576,ゴチルゼル,Gothitelle,Gothitelle,Gothitelle,Morbitesse,Sidérella,고디모아젤,哥德小姐,哥德小姐
0577,ユニラン,Solosis,Solosis,Solosis,Monozyto,Nucléos,유니란,单卵细胞球,單卵細胞球
0578,ダブラン,Duosion,Duosion,Duosion,Mitodos,Méios,듀란,双卵细胞球,雙卵細胞球
0579,ランクルス,Reuniclus,Reuniclus,Reuniclus,Zytomega,Symbios,란쿨루스,人造细胞卵,人造細胞卵
0580,コアルヒー,Ducklett,Ducklett,Ducklett,Piccolente,Couaneton,꼬지보리,鸭宝宝,鴨寶寶
0581,スワンナ,Swanna,Swanna,Swanna,Swaroness,Lakmécygne,스완나,舞天鹅,舞天鵝
0582,バニプッチ,Vanillite,Vanillite,Vanillite,Gelatini,Sorbébé,바닐프티,迷你冰,迷你冰
0583,バニリッチ,Vanillish,Vanillish,Vanillish,Gelatroppo,Sorboul,바닐리치,多多冰,多多冰
0584,バイバニラ,Vanilluxe,Vanilluxe,Vanilluxe,Gelatwino,Sorbouboul,배바닐라,双倍多多冰,雙倍多多冰
0585,シキジカ,Deerling,Deerling,Deerling,Sesokitz,Vivaldaim,사철록,四季鹿,四季鹿
0586,メブキジカ,Sawsbuck,Sawsbuck,Sawsbuck,Kronjuwild,Haydaim,바라철록,萌芽鹿,萌芽鹿
0587,エモンガ,Emolga,Emolga,Emolga,Emolga,Emolga,에몽가,电飞鼠,電飛鼠
0588,カブルモ,Karrablast,Karrablast,Karrablast,Laukaps,Carabing,딱정곤,盖盖虫,蓋蓋蟲
0589,シュバルゴ,Escavalier,Escavalier,Escavalier,Cavalanzas,Lançargot,슈바르고,骑士蜗牛,騎士蝸牛
0590,タマゲタケ,Foongus,Foongus,Foongus,Tarnpignon,Trompignon,깜놀버슬,哎呀球菇,哎呀球菇
0591,モロバレル,Amoonguss,Amoonguss,Amoonguss,Hutsassa,Gaulet,뽀록나,败露球菇,敗露球菇
0592,プルリル,Frillish,Frillish,Frillish,Quabbel,Viskuse,탱그릴,轻飘飘,輕飄飄
0593,ブルンゲル,Jellicent,Jellicent,Jellicent,Apoquallyp,Moyade,탱탱겔,胖嘟嘟,胖嘟嘟
0594,ママンボウ,Alomomola,Alomomola,Alomomola,Mamolida,Mamanbo,맘복치,保姆曼波,保母曼波
0595,バチュル,Joltik,Joltik,Joltik,Wattzapf,Statitik,피쪼옥,电电虫,電電蟲
0596,デンチュラ,Galvantula,Galvantula,Galvantula,Voltula,Mygavolt,전툴라,电蜘蛛,電蜘蛛
0597,テッシード,Ferroseed,Ferroseed,Ferroseed,Kastadur,Grindur,철시드,种子铁球,種子鐵球
0598,ナットレイ,Ferrothorn,Ferrothorn,Ferrothorn,Tentantel,Noacier,너트령,坚果哑铃,堅果啞鈴
0599,ギアル,Klink,Klink,Klink,Klikk,Tic,기어르,齿轮儿,齒輪兒
0600,ギギアル,Klang,Klang,Klang,Kliklak,Clic,기기어르,齿轮组,齒輪組
0601,ギギギアル,Klinklang,Klinklang,Klinklang,Klikdiklak,Cliticlic,기기기어르,齿轮怪,齒輪怪
0602,シビシラス,Tynamo,Tynamo,Tynamo,Zapplardin,Anchwatt,저리어,麻麻小鱼,麻麻小魚
0603,シビビール,Eelektrik,Eelektrik,Eelektrik,Zapplalek,Lampéroie,저리릴,麻麻鳗,麻麻鰻
0604,シビルドン,Eelektross,Eelektross,Eelektross,Zapplarang,Ohmassacre,저리더프,麻麻鳗鱼王,麻麻鰻魚王
0605,リグレー,Elgyem,Elgyem,Elgyem,Pygraulon,Lewsor,리그레,小灰怪,小灰怪
0606,オーベム,Beheeyem,Beheeyem,Beheeyem,Megalon,Neitram,벰크,大宇怪,大宇怪
0607,ヒトモシ,Litwick,Litwick,Litwick,Lichtel,Funécire,불켜미,烛光灵,燭光靈
0608,ランプラー,Lampent,Lampent,Lampent,Laternecto,Mélancolux,램프라,灯火幽灵,燈火幽靈
0609,シャンデラ,Chandelure,Chandelure,Chandelure,Skelabra,Lugulabre,샹델라,水晶灯火灵,水晶燈火靈
0610,キバゴ,Axew,Axew,Axew,Milza,Coupenotte,터검니,牙牙,牙牙
0611,オノンド,Fraxure,Fraxure,Fraxure,Sharfax,Incisache,액슨도,斧牙龙,斧牙龍
0612,オノノクス,Haxorus,Haxorus,Haxorus,Maxax,Tranchodon,액스라이즈,双斧战龙,雙斧戰龍
0613,クマシュン,Cubchoo,Cubchoo,Cubchoo,Petznief,Polarhume,코고미,喷嚏熊,噴嚏熊
0614,ツンベアー,Beartic,Beartic,Beartic,Siberio,Polagriffe,툰베어,冻原熊,凍原熊
0615,フリージオ,Cryogonal,Cryogonal,Cryogonal,Frigometri,Hexagel,프리지오,几何雪花,幾何雪花
0616,チョボマキ,Shelmet,Shelmet,Shelmet,Schnuthelm,Escargaume,쪼마리,小嘴蜗,小嘴蝸
0617,アギルダー,Accelgor,Accelgor,Accelgor,Hydragil,Limaspeed,어지리더,敏捷虫,敏捷蟲
0618,マッギョ,Stunfisk,Stunfisk,Stunfisk,Flunschlik,Limonde,메더,泥巴鱼,泥巴魚
0619,コジョフー,Mienfoo,Mienfoo,Mienfoo,Lin-Fu,Kungfouine,비조푸,功夫鼬,功夫鼬
0620,コジョンド,Mienshao,Mienshao,Mienshao,Wie-Shu,Shaofouine,비조도,师父鼬,師父鼬
0621,クリムガン,Druddigon,Druddigon,Druddigon,Shardrago,Drakkarmin,크리만,赤面龙,赤面龍
0622,ゴビット,Golett,Golett,Golett,Golbit,Gringolem,골비람,泥偶小人,泥偶小人
0623,ゴルーグ,Golurk,Golurk,Golurk,Golgantes,Golemastoc,골루그,泥偶巨人,泥偶巨人
0624,コマタナ,Pawniard,Pawniard,Pawniard,Gladiantri,Scalpion,자망칼,驹刀小兵,駒刀小兵
0625,キリキザン,Bisharp,Bisharp,Bisharp,Caesurio,Scalproie,절각참,劈斩司令,劈斬司令
0626,バッフロン,Bouffalant,Bouffalant,Bouffalant,Bisofank,Frison,버프론,爆炸头水牛,爆炸頭水牛
0627,ワシボン,Rufflet,Rufflet,Rufflet,Geronimatz,Furaiglon,수리둥보,毛头小鹰,毛頭小鷹
0628,ウォーグル,Braviary,Braviary,Braviary,Washakwil,Gueriaigle,워글,勇士雄鹰,勇士雄鷹
0629,バルチャイ,Vullaby,Vullaby,Vullaby,Skallyk,Vostourno,벌차이,秃鹰丫头,禿鷹丫頭
0630,バルジーナ,Mandibuzz,Mandibuzz,Mandibuzz,Grypheldis,Vaututrice,버랜지나,秃鹰娜,禿鷹娜
0631,クイタラン,Heatmor,Heatmor,Heatmor,Furnifraß,Aflamanoir,앤티골,熔蚁兽,熔蟻獸
0632,アイアント,Durant,Durant,Durant,Fermicula,Fermite,아이앤트,铁蚁,鐵蟻
0633,モノズ,Deino,Deino,Deino,Kapuno,Solochi,모노두,单首龙,單首龍
0634,ジヘッド,Zweilous,Zweilous,Zweilous,Duodino,Diamat,디헤드,双首暴龙,雙首暴龍
0635,サザンドラ,Hydreigon,Hydreigon,Hydreigon,Trikephalo,Trioxhydre,삼삼드래,三首恶龙,三首惡龍
0636,メラルバ,Larvesta,Larvesta,Larvesta,Ignivor,Pyronille,활화르바,燃烧虫,燃燒蟲
0637,ウルガモス,Volcarona,Volcarona,Volcarona,Ramoth,Pyrax,불카모스,火神蛾,火神蛾
0638,コバルオン,Cobalion,Cobalion,Cobalion,Kobalium,Cobaltium,코바르온,勾帕路翁,勾帕路翁
0639,テラキオン,Terrakion,Terrakion,Terrakion,Terrakium,Terrakium,테라키온,代拉基翁,代拉基翁
0640,ビリジオン,Virizion,Virizion,Virizion,Viridium,Viridium,비리디온,毕力吉翁,畢力吉翁
0641,トルネロス,Tornadus,Tornadus,Tornadus,Boreos,Boréas,토네로스,龙卷云,龍捲雲
0642,ボルトロス,Thundurus,Thundurus,Thundurus,Voltolos,Fulguris,볼트로스,雷电云,雷電雲
0643,レシラム,Reshiram,Reshiram,Reshiram,Reshiram,Reshiram,레시라무,莱希拉姆,萊希拉姆
0644,ゼクロム,Zekrom,Zekrom,Zekrom,Zekrom,Zekrom,제크로무,捷克罗姆,捷克羅姆
0645,ランドロス,Landorus,Landorus,Landorus,Demeteros,Démétéros,랜드로스,土地云,土地雲
0646,キュレム,Kyurem,Kyurem,Kyurem,Kyurem,Kyurem,큐레무,酋雷姆,酋雷姆
0647,ケルディオ,Keldeo,Keldeo,Keldeo,Keldeo,Keldeo,케르디오,凯路迪欧,凱路迪歐
0648,メロエッタ,Meloetta,Meloetta,Meloetta,Meloetta,Meloetta,메로엣타,美洛耶塔,美洛耶塔
0649,ゲノセクト,Genesect,Genesect,Genesect,Genesect,Genesect,게노세크트,盖诺赛克特,蓋諾賽克特
0650,ハリマロン,Chespin,Chespin,Chespin,Igamaro,Marisson,도치마론,哈力栗,哈力栗
0651,ハリボーグ,Quilladin,Quilladin,Quilladin,Igastarnish,Boguérisse,도치보구,胖胖哈力,胖胖哈力
0652,ブリガロン,Chesnaught,Chesnaught,Chesnaught,Brigaron,Blindépique,브리가론,布里卡隆,布里卡隆
0653,フォッコ,Fennekin,Fennekin,Fennekin,Fynx,Feunnec,푸호꼬,火狐狸,火狐狸
0654,テールナー,Braixen,Braixen,Braixen,Rutena,Roussil,테르나,长尾火狐,長尾火狐
0655,マフォクシー,Delphox,Delphox,Delphox,Fennexis,Goupelin,마폭시,妖火红狐,妖火紅狐
0656,ケロマツ,Froakie,Froakie,Froakie,Froxy,Grenousse,개구마르,呱呱泡蛙,呱呱泡蛙
0657,ゲコガシラ,Frogadier,Frogadier,Frogadier,Amphizel,Croâporal,개굴반장,呱头蛙,呱頭蛙
0658,ゲッコウガ,Greninja,Greninja,Greninja,Quajutsu,Amphinobi,개굴닌자,甲贺忍蛙,甲賀忍蛙
0659,ホルビー,Bunnelby,Bunnelby,Bunnelby,Sapereau,Sapereau,파르빗,掘掘兔,掘掘兔
0660,ホルード,Diggersby,Diggersby,Diggersby,Grebbit,Excavarenne,파르토,掘地兔,掘地兔
0661,ヤヤコマ,Fletchling,Fletchling,Fletchling,Dartiri,Passerouge,화살꼬빈,小箭雀,小箭雀
0662,ヒノヤコマ,Fletchinder,Fletchinder,Fletchinder,Dartignis,Braisillon,불화살빈,火箭雀,火箭雀
0663,ファイアロー,Talonflame,Talonflame,Talonflame,Fiaro,Flambusard,파이어로,烈箭鹰,烈箭鷹
0664,コフキムシ,Scatterbug,Scatterbug,Scatterbug,Purmel,Lépidonille,분이벌레,粉蝶虫,粉蝶蟲
0665,コフーライ,Spewpa,Spewpa,Spewpa,Puponcho,Pérégrain,분떠도리,粉蝶蛹,粉蝶蛹
0666,ビビヨン,Vivillon,Vivillon,Vivillon,Vivillon,Prismillon,비비용,彩粉蝶,彩粉蝶
0667,シシコ,Litleo,Litleo,Litleo,Leufeo,Hélionceau,레오꼬,小狮狮,小獅獅
0668,カエンジシ,Pyroar,Pyroar,Pyroar,Pyroleo,Némélios,화염레오,火炎狮,火炎獅
0669,フラベベ,Flabébé,Flabébé,Flabébé,Flabébé,Flabébé,플라베베,花蓓蓓,花蓓蓓
0670,フラエッテ,Floette,Floette,Floette,Floette,Floette,플라엣테,花叶蒂,花葉蒂
0671,フラージェス,Florges,Florges,Florges,Florges,Florges,플라제스,花洁夫人,花潔夫人
0672,メェークル,Skiddo,Skiddo,Skiddo,Mähikel,Cabriolaine,메이클,坐骑小羊,坐騎小羊
0673,ゴーゴート,Gogoat,Gogoat,Gogoat,Chevrumm,Chevroum,고고트,坐骑山羊,坐騎山羊
0674,ヤンチャム,Pancham,Pancham,Pancham,Pam-Pam,Pandespiègle,판짱,顽皮熊猫,頑皮熊貓
0675,ゴロンダ,Pangoro,Pangoro,Pangoro,Pandagro,Pandarbare,부란다,霸道熊猫,流氓熊貓
0676,トリミアン,Furfrou,Furfrou,Furfrou,Coiffwaff,Couafarel,트리미앙,多丽米亚,多麗米亞
0677,ニャスパー,Espurr,Espurr,Espurr,Psiau,Psystigri,냐스퍼,妙喵,妙喵
0678,ニャオニクス,Meowstic,Meowstic,Meowstic,Psiaugon,Mistigrix,냐오닉스,超能妙喵,超能妙喵
0679,ヒトツキ,Honedge,Honedge,Honedge,Gramokles,Monorpale,단칼빙,独剑鞘,獨劍鞘
0680,ニダンギル,Doublade,Doublade,Doublade,Duokles,Dimoclès,쌍검킬,双剑鞘,雙劍鞘
0681,ギルガルド,Aegislash,Aegislash,Aegislash,Durengard,Exagide,킬가르도,坚盾剑怪,堅盾劍怪
0682,シュシュプ,Spritzee,Spritzee,Spritzee,Parfi,Fluvetin,슈쁘,粉香香,粉香香
0683,フレフワン,Aromatisse,Aromatisse,Aromatisse,Parfinesse,Cocotine,프레프티르,芳香精,芳香精
0684,ペロッパフ,Swirlix,Swirlix,Swirlix,Flauschling,Sucroquin,나룸퍼프,绵绵泡芙,綿綿泡芙
0685,ペロリーム,Slurpuff,Slurpuff,Slurpuff,Sabbaione,Cupcanaille,나루림,胖甜妮,胖甜妮
0686,マーイーカ,Inkay,Inkay,Inkay,Iscalar,Sepiatop,오케이징,好啦鱿,好啦魷
0687,カラマネロ,Malamar,Malamar,Malamar,Calamanero,Sepiatroce,칼라마네로,乌贼王,烏賊王
0688,カメテテ,Binacle,Binacle,Binacle,Bithora,Opermine,거북손손,龟脚脚,龜腳腳
0689,ガメノデス,Barbaracle,Barbaracle,Barbaracle,Thanathora,Golgopathe,거북손데스,龟足巨铠,龜足巨鎧
0690,クズモー,Skrelp,Skrelp,Skrelp,Algitt,Venalgue,수레기,垃垃藻,垃垃藻
0691,ドラミドロ,Dragalge,Dragalge,Dragalge,Tandrak,Kravarech,드래캄,毒藻龙,毒藻龍
0692,ウデッポウ,Clauncher,Clauncher,Clauncher,Scampisto,Flingouste,완철포,铁臂枪虾,鐵臂槍蝦
0693,ブロスター,Clawitzer,Clawitzer,Clawitzer,Wummer,Gamblast,블로스터,钢炮臂虾,鋼炮臂蝦
0694,エリキテル,Helioptile,Helioptile,Helioptile,Eguana,Galvaran,목도리키텔,伞电蜥,傘電蜥
0695,エレザード,Heliolisk,Heliolisk,Heliolisk,Elezard,Iguolta,일레도리자드,光电伞蜥,光電傘蜥
0696,チゴラス,Tyrunt,Tyrunt,Tyrunt,Balgoras,Ptyranidur,티고라스,宝宝暴龙,寶寶暴龍
0697,ガチゴラス,Tyrantrum,Tyrantrum,Tyrantrum,Monargoras,Rexillius,견고라스,怪颚龙,怪顎龍
0698,アマルス,Amaura,Amaura,Amaura,Amarino,Amagara,아마루스,冰雪龙,冰雪龍
0699,アマルルガ,Aurorus,Aurorus,Aurorus,Amagarga,Dragmara,아마루르가,冰雪巨龙,冰雪巨龍
0700,ニンフィア,Sylveon,Sylveon,Sylveon,Feelinara,Nymphali,님피아,仙子伊布,仙子伊布
0701,ルチャブル,Hawlucha,Hawlucha,Hawlucha,Resladero,Brutalibré,루차불,摔角鹰人,摔角鷹人
0702,デデンネ,Dedenne,Dedenne,Dedenne,Dedenne,Dedenne,데덴네,咚咚鼠,咚咚鼠
0703,メレシー,Carbink,Carbink,Carbink,Rocara,Strassie,멜리시,小碎钻,小碎鑽
0704,ヌメラ,Goomy,Goomy,Goomy,Viscora,Mucuscule,미끄메라,黏黏宝,黏黏寶
0705,ヌメイル,Sliggoo,Sliggoo,Sliggoo,Viscargot,Colimucus,미끄네일,黏美儿,黏美兒
0706,ヌメルゴン,Goodra,Goodra,Goodra,Viscogon,Muplodocus,미끄래곤,黏美龙,黏美龍
0707,クレッフィ,Klefki,Klefki,Klefki,Clavion,Trousselin,클레피,钥圈儿,鑰圈兒
0708,ボクレー,Phantump,Phantump,Phantump,Paragoni,Brocélôme,나목령,小木灵,小木靈
0709,オーロット,Trevenant,Trevenant,Trevenant,Trombork,Desséliande,대로트,朽木妖,朽木妖
0710,バケッチャ,Pumpkaboo,Pumpkaboo,Pumpkaboo,Irrbis,Pitrouille,호바귀,南瓜精,南瓜精
0711,パンプジン,Gourgeist,Gourgeist,Gourgeist,Pumpdjinn,Banshitrouye,펌킨인,南瓜怪人,南瓜怪人
0712,カチコール,Bergmite,Bergmite,Bergmite,Arktip,Grelaçon,꽁어름,冰宝,冰寶
0713,クレベース,Avalugg,Avalugg,Avalugg,Arktilas,Séracrawl,크레베이스,冰岩怪,冰岩怪
0714,オンバット,Noibat,Noibat,Noibat,eF-eM,Sonistrelle,음뱃,嗡蝠,嗡蝠
0715,オンバーン,Noivern,Noivern,Noivern,UHaFnir,Bruyverne,음번,音波龙,音波龍
0716,ゼルネアス,Xerneas,Xerneas,Xerneas,Xerneas,Xerneas,제르네아스,哲尔尼亚斯,哲爾尼亞斯
0717,イベルタル,Yveltal,Yveltal,Yveltal,Yveltal,Yveltal,이벨타르,伊裴尔塔尔,伊裴爾塔爾
0718,ジガルデ,Zygarde,Zygarde,Zygarde,Zygarde,Zygarde,지가르데,基格尔德,基格爾德
0719,ディアンシー,Diancie,Diancie,Diancie,Diancie,Diancie,디안시,蒂安希,蒂安希
0720,フーパ,Hoopa,Hoopa,Hoopa,Hoopa,Hoopa,후파,胡帕,胡帕
0721,ボルケニオン,Volcanion,Volcanion,Volcanion,Volcanion,Volcanion,볼케니온,波尔凯尼恩,波爾凱尼恩
0722,モクロー,Rowlet,Rowlet,Rowlet,Bauz,Brindibou,나몰빼미,木木枭,木木梟
0723,フクスロー,Dartrix,Dartrix,Dartrix,Arboretoss,Efflèche,빼미스로우,投羽枭,投羽梟
0724,ジュナイパー,Decidueye,Decidueye,Decidueye,Silvarro,Archéduc,모크나이퍼,狙射树枭,狙射樹梟
0725,ニャビー,Litten,Litten,Litten,Flamiau,Flamiaou,냐오불,火斑喵,火斑喵
0726,ニャヒート,Torracat,Torracat,Torracat,Miezunder,Matoufeu,냐오히트,炎热喵,炎熱喵
0727,ガオガエン,Incineroar,Incineroar,Incineroar,Fuegro,Félinferno,어흥염,炽焰咆哮虎,熾焰咆哮虎
0728,アシマリ,Popplio,Popplio,Popplio,Robball,Otaquin,누리공,球球海狮,球球海獅
0729,オシャマリ,Brionne,Brionne,Brionne,Marikeck,Otarlette,키요공,花漾海狮,花漾海獅
0730,アシレーヌ,Primarina,Primarina,Primarina,Primarene,Oratoria,누리레느,西狮海壬,西獅海壬
0731,ツツケラ,Pikipek,Pikipek,Pikipek,Peppeck,Picassaut,콕코구리,小笃儿,小篤兒
0732,ケララッパ,Trumbeak,Trumbeak,Trumbeak,Trompeck,Piclairon,크라파,喇叭啄鸟,喇叭啄鳥
0733,ドデカバシ,Toucannon,Toucannon,Toucannon,Tukanon,Bazoucan,왕큰부리,铳嘴大鸟,銃嘴大鳥
0734,ヤングース,Yungoos,Yungoos,Yungoos,Mangunior,Manglouton,영구스,猫鼬少,貓鼬少
0735,デカグース,Gumshoos,Gumshoos,Gumshoos,Manguspektor,Argouste,형사구스,猫鼬探长,貓鼬探長
0736,アゴジムシ,Grubbin,Grubbin,Grubbin,Mabula,Larvibule,턱지충이,强颚鸡母虫,強顎雞母蟲
0737,デンヂムシ,Charjabug,Charjabug,Charjabug,Akkup,Chrysapile,전지충이,虫电宝,蟲電寶
0738,クワガノン,Vikavolt,Vikavolt,Vikavolt,Donarion,Lucanon,투구뿌논,锹农炮虫,鍬農炮蟲
0739,マケンカニ,Crabrawler,Crabrawler,Crabrawler,Krabbox,Crabagarre,오기지게,好胜蟹,好勝蟹
0740,ケケンカニ,Crabominable,Crabominable,Crabominable,Krawell,Crabominable,모단단게,好胜毛蟹,好勝毛蟹
0741,オドリドリ,Oricorio,Oricorio,Oricorio,Choreogel,Plumeline,춤추새,花舞鸟,花舞鳥
0742,アブリー,Cutiefly,Cutiefly,Cutiefly,Wommel,Bombydou,에블리,萌虻,萌虻
0743,アブリボン,Ribombee,Ribombee,Ribombee,Bandelby,Rubombelle,에리본,蝶结萌虻,蝶結萌虻
0744,イワンコ,Rockruff,Rockruff,Rockruff,Wuffels,Rocabot,암멍이,岩狗狗,岩狗狗
0745,ルガルガン,Lycanroc,Lycanroc,Lycanroc,Wolwerock,Lougaroc,루가루암,鬃岩狼人,鬃岩狼人
0746,ヨワシ,Wishiwashi,Wishiwashi,Wishiwashi,Lusardin,Froussardine,약어리,弱丁鱼,弱丁魚
0747,ヒドイデ,Mareanie,Mareanie,Mareanie,Garstella,Vorastérie,시마사리,好坏星,好壞星
0748,ドヒドイデ,Toxapex,Toxapex,Toxapex,Aggrostella,Prédastérie,더시마사리,超坏星,超壞星
0749,ドロバンコ,Mudbray,Mudbray,Mudbray,Pampuli,Tiboudet,머드나기,泥驴仔,泥驢仔
0750,バンバドロ,Mudsdale,Mudsdale,Mudsdale,Pampross,Bourrinos,만마드,重泥挽马,重泥挽馬
0751,シズクモ,Dewpider,Dewpider,Dewpider,Araqua,Araqua,물거미,滴蛛,滴蛛
0752,オニシズクモ,Araquanid,Araquanid,Araquanid,Aranestro,Tarenbulle,깨비물거미,滴蛛霸,滴蛛霸
0753,カリキリ,Fomantis,Fomantis,Fomantis,Imantis,Mimantis,짜랑랑,伪螳草,偽螳草
0754,ラランテス,Lurantis,Lurantis,Lurantis,Mantidea,Floramantis,라란티스,兰螳花,蘭螳花
0755,ネマシュ,Morelull,Morelull,Morelull,Bubungus,Spododo,자마슈,睡睡菇,睡睡菇
0756,マシェード,Shiinotic,Shiinotic,Shiinotic,Lamellux,Lampignon,마셰이드,灯罩夜菇,燈罩夜菇
0757,ヤトウモリ,Salandit,Salandit,Salandit,Molunk,Tritox,야도뇽,夜盗火蜥,夜盜火蜥
0758,エンニュート,Salazzle,Salazzle,Salazzle,Amfira,Malamandre,염뉴트,焰后蜥,焰后蜥
0759,ヌイコグマ,Stufful,Stufful,Stufful,Velursi,Nounourson,포곰곰,童偶熊,童偶熊
0760,キテルグマ,Bewear,Bewear,Bewear,Kosturso,Chelours,이븐곰,穿着熊,穿著熊
0761,アマカジ,Bounsweet,Bounsweet,Bounsweet,Frubberl,Croquine,달콤아,甜竹竹,甜竹竹
0762,アママイコ,Steenee,Steenee,Steenee,Frubaila,Candine,달무리나,甜舞妮,甜舞妮
0763,アマージョ,Tsareena,Tsareena,Tsareena,Fruyal,Sucreine,달코퀸,甜冷美后,甜冷美后
0764,キュワワー,Comfey,Comfey,Comfey,Curelei,Guérilande,큐아링,花疗环环,花療環環
0765,ヤレユータン,Oranguru,Oranguru,Oranguru,Kommandutan,Gouroutan,하랑우탄,智挥猩,智揮猩
0766,ナゲツケサル,Passimian,Passimian,Passimian,Quartermak,Quartermac,내던숭이,投掷猴,投擲猴
0767,コソクムシ,Wimpod,Wimpod,Wimpod,Reißlaus,Sovkipou,꼬시레,胆小虫,膽小蟲
0768,グソクムシャ,Golisopod,Golisopod,Golisopod,Tectass,Sarmuraï,갑주무사,具甲武者,具甲武者
0769,スナバァ,Sandygast,Sandygast,Sandygast,Sankabuh,Bacabouh,모래꿍,沙丘娃,沙丘娃
0770,シロデスナ,Palossand,Palossand,Palossand,Colossand,Trépassable,모래성이당,噬沙堡爷,噬沙堡爺
0771,ナマコブシ,Pyukumuku,Pyukumuku,Pyukumuku,Gufa,Concombaffe,해무기,拳海参,拳海參
0772,タイプ:ヌル,Type: Null,Tipo Zero,Código Cero,Typ:Null,Type:0,타입:널,属性：空,屬性：空
0773,シルヴァディ,Silvally,Silvally,Silvally,Amigento,Silvallié,실버디,银伴战兽,銀伴戰獸
0774,メテノ,Minior,Minior,Minior,Meteno,Météno,메테노,小陨星,小隕星
0775,ネッコアラ,Komala,Komala,Komala,Koalelu,Dodoala,자말라,树枕尾熊,樹枕尾熊
0776,バクガメス,Turtonator,Turtonator,Turtonator,Tortunator,Boumata,폭거북스,爆焰龟兽,爆焰龜獸
0777,トゲデマル,Togedemaru,Togedemaru,Togedemaru,Togedemaru,Togedemaru,토게데마루,托戈德玛尔,托戈德瑪爾
0778,ミミッキュ,Mimikyu,Mimikyu,Mimikyu,Mimigma,Mimiqui,따라큐,谜拟丘,謎擬Ｑ
0779,ハギギシリ,Bruxish,Bruxish,Bruxish,Knirfish,Denticrisse,치갈기,磨牙彩皮鱼,磨牙彩皮魚
0780,ジジーロン,Drampa,Drampa,Drampa,Sen-Long,Draïeul,할비롱,老翁龙,老翁龍
0781,ダダリン,Dhelmise,Dhelmise,Dhelmise,Moruda,Sinistrail,타타륜,破破舵轮,破破舵輪
0782,ジャラコ,Jangmo-o,Jangmo-o,Jangmo-o,Miniras,Bébécaille,짜랑꼬,心鳞宝,心鱗寶
0783,ジャランゴ,Hakamo-o,Hakamo-o,Hakamo-o,Mediras,Écaïd,짜랑고우,鳞甲龙,鱗甲龍
0784,ジャラランガ,Kommo-o,Kommo-o,Kommo-o,Grandiras,Ékaïser,짜랑고우거,杖尾鳞甲龙,杖尾鱗甲龍
0785,カプ・コケコ,Tapu Koko,Tapu Koko,Tapu Koko,Kapu-Riki,Tokorico,카푸꼬꼬꼭,卡璞・鸣鸣,卡璞・鳴鳴
0786,カプ・テテフ,Tapu Lele,Tapu Lele,Tapu Lele,Kapu-Fala,Tokopiyon,카푸나비나,卡璞・蝶蝶,卡璞・蝶蝶
0787,カプ・ブルル,Tapu Bulu,Tapu Bulu,Tapu Bulu,Kapu-Toro,Tokotoro,카푸브루루,卡璞・哞哞,卡璞・哞哞
0788,カプ・レヒレ,Tapu Fini,Tapu Fini,Tapu Fini,Kapu-Kime,Tokopisco,카푸느지느,卡璞・鳍鳍,卡璞・鰭鰭
0789,コスモッグ,Cosmog,Cosmog,Cosmog,Cosmog,Cosmog,코스모그,科斯莫古,科斯莫古
0790,コスモウム,Cosmoem,Cosmoem,Cosmoem,Cosmovum,Cosmovum,코스모움,科斯莫姆,科斯莫姆
0791,ソルガレオ,Solgaleo,Solgaleo,Solgaleo,Solgaleo,Solgaleo,솔가레오,索尔迦雷欧,索爾迦雷歐
0792,ルナアーラ,Lunala,Lunala,Lunala,Lunala,Lunala,루나아라,露奈雅拉,露奈雅拉
0793,ウツロイド,Nihilego,Nihilego,Nihilego,Anego,Zéroïd,텅비드,虚吾伊德,虛吾伊德
0794,マッシブーン,Buzzwole,Buzzwole,Buzzwole,Masskito,Mouscoto,매시붕,爆肌蚊,爆肌蚊
0795,フェローチェ,Pheromosa,Pheromosa,Pheromosa,Schabelle,Cancrelove,페로코체,费洛美螂,費洛美螂
0796,デンジュモク,Xurkitree,Xurkitree,Xurkitree,Voltriant,Câblifère,전수목,电束木,電束木
0797,テッカグヤ,Celesteela,Celesteela,Celesteela,Kaguron,Bamboiselle,철화구야,铁火辉夜,鐵火輝夜
0798,カミツルギ,Kartana,Kartana,Kartana,Katagami,Katagami,종이신도,纸御剑,紙御劍
0799,アクジキング,Guzzlord,Guzzlord,Guzzlord,Schlingking,Engloutyran,악식킹,恶食大王,惡食大王
0800,ネクロズマ,Necrozma,Necrozma,Necrozma,Necrozma,Necrozma,네크로즈마,奈克洛兹玛,奈克洛茲瑪
0801,マギアナ,Magearna,Magearna,Magearna,Magearna,Magearna,마기아나,玛机雅娜,瑪機雅娜
0802,マーシャドー,Marshadow,Marshadow,Marshadow,Marshadow,Marshadow,마샤도,玛夏多,瑪夏多
0803,ベベノム,Poipole,Poipole,Poipole,Venicro,Vémini,베베놈,毒贝比,毒貝比
0804,アーゴヨン,Naganadel,Naganadel,Naganadel,Agoyon,Mandrillon,아고용,四颚针龙,四顎針龍
0805,ツンデツンデ,Stakataka,Stakataka,Stakataka,Muramura,Ama-Ama,차곡차곡,垒磊石,壘磊石
0806,ズガドーン,Blacephalon,Blacephalon,Blacephalon,Kopplosio,Pierroteknik,두파팡,砰头小丑,砰頭小丑
0807,ゼラオラ,Zeraora,Zeraora,Zeraora,Zeraora,Zeraora,제라오라,捷拉奥拉,捷拉奧拉
0808,メルタン,Meltan,Meltan,Meltan,Meltan,Meltan,멜탄,美录坦,美錄坦
0809,メルメタル,Melmetal,Melmetal,Melmetal,Melmetal,Melmetal,멜메탈,美录梅塔,美錄梅塔
0810,サルノリ,Grookey,Grookey,Grookey,Chimpep,Ouistempo,흥나숭,敲音猴,敲音猴
0811,バチンキー,Thwackey,Thwackey,Thwackey,Chimstix,Badabouin,채키몽,啪咚猴,啪咚猴
0812,ゴリランダー,Rillaboom,Rillaboom,Rillaboom,Gortrom,Gorythmic,고릴타,轰擂金刚猩,轟擂金剛猩
0813,ヒバニー,Scorbunny,Scorbunny,Scorbunny,Hopplo,Flambino,염버니,炎兔儿,炎兔兒
0814,ラビフット,Raboot,Raboot,Raboot,Kickerlo,Lapyro,래비풋,腾蹴小将,騰蹴小將
0815,エースバーン,Cinderace,Cinderace,Cinderace,Liberlo,Pyrobut,에이스번,闪焰王牌,閃焰王牌
0816,メッソン,Sobble,Sobble,Sobble,Memmeon,Larméléon,울머기,泪眼蜥,淚眼蜥
0817,ジメレオン,Drizzile,Drizzile,Drizzile,Phlegleon,Arrozard,누겔레온,变涩蜥,變澀蜥
0818,インテレオン,Inteleon,Inteleon,Inteleon,Intelleon,Lézargus,인텔리레온,千面避役,千面避役
0819,ホシガリス,Skwovet,Skwovet,Skwovet,Raffel,Rongourmand,탐리스,贪心栗鼠,貪心栗鼠
0820,ヨクバリス,Greedent,Greedent,Greedent,Schlaraffel,Rongrigou,요씽리스,藏饱栗鼠,藏飽栗鼠
0821,ココガラ,Rookidee,Rookidee,Rookidee,Meikro,Minisange,파라꼬,稚山雀,稚山雀
0822,アオガラス,Corvisquire,Corvisquire,Corvisquire,Kranoviz,Bleuseille,파크로우,蓝鸦,藍鴉
0823,アーマーガア,Corviknight,Corviknight,Corviknight,Krarmor,Corvaillus,아머까오,钢铠鸦,鋼鎧鴉
0824,サッチムシ,Blipbug,Blipbug,Blipbug,Sensect,Larvadar,두루지벌레,索侦虫,索偵蟲
0825,レドームシ,Dottler,Dottler,Dottler,Keradar,Coléodôme,레돔벌레,天罩虫,天罩蟲
0826,イオルブ,Orbeetle,Orbeetle,Orbeetle,Maritellit,Astronelle,이올브,以欧路普,以歐路普
0827,クスネ,Nickit,Nickit,Nickit,Kleptifux,Goupilou,훔처우,狡小狐,偷兒狐
0828,フォクスライ,Thievul,Thievul,Thievul,Gaunux,Roublenard,폭슬라이,猾大狐,狐大盜
0829,ヒメンカ,Gossifleur,Gossifleur,Gossifleur,Cottini,Tournicoton,꼬모카,幼棉棉,幼棉棉
0830,ワタシラガ,Eldegoss,Eldegoss,Eldegoss,Cottomi,Blancoton,백솜모카,白蓬蓬,白蓬蓬
0831,ウールー,Wooloo,Wooloo,Wooloo,Wolly,Moumouton,우르,毛辫羊,毛辮羊
0832,バイウールー,Dubwool,Dubwool,Dubwool,Zwollock,Moumouflon,배우르,毛毛角羊,毛毛角羊
0833,カムカメ,Chewtle,Chewtle,Chewtle,Kamehaps,Khélocrok,깨물부기,咬咬龟,咬咬龜
0834,カジリガメ,Drednaw,Drednaw,Drednaw,Kamalm,Torgamord,갈가부기,暴噬龟,暴噬龜
0835,ワンパチ,Yamper,Yamper,Yamper,Voldi,Voltoutou,멍파치,来电汪,來電汪
0836,パルスワン,Boltund,Boltund,Boltund,Bellektro,Fulgudog,펄스멍,逐电犬,逐電犬
0837,タンドン,Rolycoly,Rolycoly,Rolycoly,Klonkett,Charbi,탄동,小炭仔,小炭仔
0838,トロッゴン,Carkol,Carkol,Carkol,Wagong,Wagomine,탄차곤,大炭车,大炭車
0839,セキタンザン,Coalossal,Coalossal,Coalossal,Montecarbo,Monthracite,석탄산,巨炭山,巨炭山
0840,カジッチュ,Applin,Applin,Applin,Knapfel,Verpom,과사삭벌레,啃果虫,啃果蟲
0841,アップリュー,Flapple,Flapple,Flapple,Drapfel,Pomdrapi,애프룡,苹裹龙,蘋裹龍
0842,タルップル,Appletun,Appletun,Appletun,Schlapfel,Dratatin,단지래플,丰蜜龙,豐蜜龍
0843,スナヘビ,Silicobra,Silicobra,Silicobra,Salanga,Dunaja,모래뱀,沙包蛇,沙包蛇
0844,サダイジャ,Sandaconda,Sandaconda,Sandaconda,Sanaconda,Dunaconda,사다이사,沙螺蟒,沙螺蟒
0845,ウッウ,Cramorant,Cramorant,Cramorant,Urgl,Nigosier,윽우지,古月鸟,古月鳥
0846,サシカマス,Arrokuda,Arrokuda,Arrokuda,Pikuda,Embrochet,찌로꼬치,刺梭鱼,刺梭魚
0847,カマスジョー,Barraskewda,Barraskewda,Barraskewda,Barrakiefa,Hastacuda,꼬치조,戽斗尖梭,戽斗尖梭
0848,エレズン,Toxel,Toxel,Toxel,Toxel,Toxizap,일레즌,电音婴,毒電嬰
0849,ストリンダー,Toxtricity,Toxtricity,Toxtricity,Riffex,Salarsen,스트린더,颤弦蝾螈,顫弦蠑螈
0850,ヤクデ,Sizzlipede,Sizzlipede,Sizzlipede,Thermopod,Grillepattes,태우지네,烧火蚣,燒火蚣
0851,マルヤクデ,Centiskorch,Centiskorch,Centiskorch,Infernopod,Scolocendre,다태우지네,焚焰蚣,焚焰蚣
0852,タタッコ,Clobbopus,Clobbopus,Clobbopus,Klopptopus,Poulpaf,때때무노,拳拳蛸,拳拳蛸
0853,オトスパス,Grapploct,Grapploct,Grapploct,Kaocto,Krakos,케오퍼스,八爪武师,八爪武師
0854,ヤバチャ,Sinistea,Sinistea,Sinistea,Fatalitee,Théffroi,데인차,来悲茶,來悲茶
0855,ポットデス,Polteageist,Polteageist,Polteageist,Mortipot,Polthégeist,포트데스,怖思壶,怖思壺
0856,ミブリム,Hatenna,Hatenna,Hatenna,Brimova,Bibichut,몸지브림,迷布莉姆,迷布莉姆
0857,テブリム,Hattrem,Hattrem,Hattrem,Brimano,Chapotus,손지브림,提布莉姆,提布莉姆
0858,ブリムオン,Hatterene,Hatterene,Hatterene,Silembrim,Sorcilence,브리무음,布莉姆温,布莉姆溫
0859,ベロバー,Impidimp,Impidimp,Impidimp,Bähmon,Grimalin,메롱꿍,捣蛋小妖,搗蛋小妖
0860,ギモー,Morgrem,Morgrem,Morgrem,Pelzebub,Fourbelin,쏘겨모,诈唬魔,詐唬魔
0861,オーロンゲ,Grimmsnarl,Grimmsnarl,Grimmsnarl,Olangaar,Angoliath,오롱털,长毛巨魔,長毛巨魔
0862,タチフサグマ,Obstagoon,Obstagoon,Obstagoon,Barrikadax,Ixon,가로막구리,堵拦熊,堵攔熊
0863,ニャイキング,Perrserker,Perrserker,Perrserker,Mauzinger,Berserkatt,나이킹,喵头目,喵頭目
0864,サニゴーン,Cursola,Cursola,Cursola,Gorgasonn,Corayôme,산호르곤,魔灵珊瑚,魔靈珊瑚
0865,ネギガナイト,Sirfetch'd,Sirfetch'd,Sirfetch'd,Lauchzelot,Palarticho,창파나이트,葱游兵,蔥遊兵
0866,バリコオル,Mr. Rime,Mr. Rime,Mr. Rime,Pantifrost,M. Glaquette,마임꽁꽁,踏冰人偶,踏冰人偶
0867,デスバーン,Runerigus,Runerigus,Runerigus,Oghnatoll,Tutétékri,데스판,迭失板,死神板
0868,マホミル,Milcery,Milcery,Milcery,Hokumil,Crèmy,마빌크,小仙奶,小仙奶
0869,マホイップ,Alcremie,Alcremie,Alcremie,Pokusan,Charmilly,마휘핑,霜奶仙,霜奶仙
0870,タイレーツ,Falinks,Falinks,Falinks,Legios,Hexadron,대여르,列阵兵,列陣兵
0871,バチンウニ,Pincurchin,Pincurchin,Pincurchin,Britzigel,Wattapik,찌르성게,啪嚓海胆,啪嚓海膽
0872,ユキハミ,Snom,Snom,Snom,Snomnom,Frissonille,누니머기,雪吞虫,雪吞蟲
0873,モスノウ,Frosmoth,Frosmoth,Frosmoth,Mottineva,Beldeneige,모스노우,雪绒蛾,雪絨蛾
0874,イシヘンジン,Stonjourner,Stonjourner,Stonjourner,Humanolith,Dolman,돌헨진,巨石丁,巨石丁
0875,コオリッポ,Eiscue,Eiscue,Eiscue,Kubuin,Bekaglaçon,빙큐보,冰砌鹅,冰砌鵝
0876,イエッサン,Indeedee,Indeedee,Indeedee,Servol,Wimessir,에써르,爱管侍,愛管侍
0877,モルペコ,Morpeko,Morpeko,Morpeko,Morpeko,Morpeko,모르페코,莫鲁贝可,莫魯貝可
0878,ゾウドウ,Cufant,Cufant,Cufant,Kupfanti,Charibari,끼리동,铜象,銅象
0879,ダイオウドウ,Copperajah,Copperajah,Copperajah,Patinaraja,Pachyradjah,대왕끼리동,大王铜象,大王銅象
0880,パッチラゴン,Dracozolt,Dracozolt,Dracozolt,Lectragon,Galvagon,파치래곤,雷鸟龙,雷鳥龍
0881,パッチルドン,Arctozolt,Arctozolt,Arctozolt,Lecryodon,Galvagla,파치르돈,雷鸟海兽,雷鳥海獸
0882,ウオノラゴン,Dracovish,Dracovish,Dracovish,Pescragon,Hydragon,어래곤,鳃鱼龙,鰓魚龍
0883,ウオチルドン,Arctovish,Arctovish,Arctovish,Pescryodon,Hydragla,어치르돈,鳃鱼海兽,鰓魚海獸
0884,ジュラルドン,Duraludon,Duraludon,Duraludon,Duraludon,Duralugon,두랄루돈,铝钢龙,鋁鋼龍
0885,ドラメシヤ,Dreepy,Dreepy,Dreepy,Grolldra,Fantyrm,드라꼰,多龙梅西亚,多龍梅西亞
0886,ドロンチ,Drakloak,Drakloak,Drakloak,Phandra,Dispareptil,드래런치,多龙奇,多龍奇
0887,ドラパルト,Dragapult,Dragapult,Dragapult,Katapuldra,Lanssorien,드래펄트,多龙巴鲁托,多龍巴魯托
0888,ザシアン,Zacian,Zacian,Zacian,Zacian,Zacian,자시안,苍响,蒼響
0889,ザマゼンタ,Zamazenta,Zamazenta,Zamazenta,Zamazenta,Zamazenta,자마젠타,藏玛然特,藏瑪然特
0890,ムゲンダイナ,Eternatus,Eternatus,Eternatus,Endynalos,Éthernatos,무한다이노,无极汰那,無極汰那
0891,ダクマ,Kubfu,Kubfu,Kubfu,Dakuma,Wushours,치고마,熊徒弟,熊徒弟
0892,ウーラオス,Urshifu,Urshifu,Urshifu,Wulaosu,Shifours,우라오스,武道熊师,武道熊師
0893,ザルード,Zarude,Zarude,Zarude,Zarude,Zarude,자루도,萨戮德,薩戮德
0894,レジエレキ,Regieleki,Regieleki,Regieleki,Regieleki,Regieleki,레지에레키,雷吉艾勒奇,雷吉艾勒奇
0895,レジドラゴ,Regidrago,Regidrago,Regidrago,Regidrago,Regidrago,레지드래고,雷吉铎拉戈,雷吉鐸拉戈
0896,ブリザポス,Glastrier,Glastrier,Glastrier,Polaross,Blizzeval,블리자포스,雪暴马,雪暴馬
0897,レイスポス,Spectrier,Spectrier,Spectrier,Phantoross,Spectreval,레이스포스,灵幽马,靈幽馬
0898,バドレックス,Calyrex,Calyrex,Calyrex,Coronospa,Sylveroy,버드렉스,蕾冠王,蕾冠王
0899,アヤシシ,Wyrdeer,Wyrdeer,Wyrdeer,Damythir,Cerbyllin,신비록,诡角鹿,詭角鹿
0900,バサギリ,Kleavor,Kleavor,Kleavor,Axantor,Hachécateur,사마자르,劈斧螳螂,劈斧螳螂
0901,ガチグマ,Ursaluna,Ursaluna,Ursaluna,Ursaluna,Ursaking,다투곰,月月熊,月月熊
0902,イダイトウ,Basculegion,Basculegion,Basculegion,Salmagnis,Paragruel,대쓰여너,幽尾玄鱼,幽尾玄魚
0903,オオニューラ,Sneasler,Sneasler,Sneasler,Snieboss,Farfurex,포푸니크,大狃拉,大狃拉
0904,ハリーマン,Overqwil,Overqwil,Overqwil,Myriador,Qwilpik,장침바루,万针鱼,萬針魚
0905,ラブトロス,Enamorus,Enamorus,Enamorus,Cupidos,Amovénus,러브로스,眷恋云,眷戀雲
0906,ニャオハ,Sprigatito,Sprigatito,Sprigatito,Felori,Poussacha,나오하,新叶喵,新葉喵
0907,ニャローテ,Floragato,Floragato,Floragato,Feliospa,Matourgeon,나로테,蒂蕾喵,蒂蕾喵
0908,マスカーニャ,Meowscarada,Meowscarada,Meowscarada,Maskagato,Miascarade,마스카나,魔幻假面喵,魔幻假面喵
0909,ホゲータ,Fuecoco,Fuecoco,Fuecoco,Krokel,Chochodile,뜨아거,呆火鳄,呆火鱷
0910,アチゲータ,Crocalor,Crocalor,Crocalor,Lokroko,Crocogril,악뜨거,炙烫鳄,炙燙鱷
0911,ラウドボーン,Skeledirge,Skeledirge,Skeledirge,Skelokrok,Flâmigator,라우드본,骨纹惊声鳄,骨紋驚聲鱷
0912,クワッス,Quaxly,Quaxly,Quaxly,Kwaks,Coiffeton,꾸왁스,润水鸭,潤水鴨
0913,ウェルカモ,Quaxwell,Quaxwell,Quaxwell,Fuentente,Canarbello,아꾸왁,涌跃鸭,湧躍鴨
0914,ウェーニバル,Quaquaval,Quaquaval,Quaquaval,Bailonda,Palmaval,웨이니발,狂欢浪舞鸭,狂歡浪舞鴨
0915,グルトン,Lechonk,Lechonk,Lechonk,Ferkuli,Gourmelet,맛보돈,爱吃豚,愛吃豚
0916,パフュートン,Oinkologne,Oinkologne,Oinkologne,Fragrunz,Fragroin,퍼퓨돈,飘香豚,飄香豚
0917,タマンチュラ,Tarountula,Tarountula,Tarountula,Tarundel,Tissenboule,타랜툴라,团珠蛛,團珠蛛
0918,ワナイダー,Spidops,Spidops,Spidops,Spinsidias,Filentrappe,트래피더,操陷蛛,操陷蛛
0919,マメバッタ,Nymble,Nymble,Nymble,Micrick,Lilliterelle,콩알뚜기,豆蟋蟀,豆蟋蟀
0920,エクスレッグ,Lokix,Lokix,Lokix,Lextremo,Gambex,엑스레그,烈腿蝗,烈腿蝗
0921,パモ,Pawmi,Pawmi,Pawmi,Pamo,Pohm,빠모,布拨,布撥
0922,パモット,Pawmo,Pawmo,Pawmo,Pamamo,Pohmotte,빠모트,布土拨,布土撥
0923,パーモット,Pawmot,Pawmot,Pawmot,Pamomamo,Pohmarmotte,빠르모트,巴布土拨,巴布土撥
0924,ワッカネズミ,Tandemaus,Tandemaus,Tandemaus,Zwieps,Compagnol,두리쥐,一对鼠,一對鼠
0925,イッカネズミ,Maushold,Maushold,Maushold,Famieps,Famignol,파밀리쥐,一家鼠,一家鼠
0926,パピモッチ,Fidough,Fidough,Fidough,Hefel,Pâtachiot,쫀도기,狗仔包,狗仔包
0927,バウッツェル,Dachsbun,Dachsbun,Dachsbun,Backel,Briochien,바우첼,麻花犬,麻花犬
0928,ミニーブ,Smoliv,Smoliv,Smoliv,Olini,Olivini,미니브,迷你芙,迷你芙
0929,オリーニョ,Dolliv,Dolliv,Dolliv,Olivinio,Olivado,올리뇨,奥利纽,奧利紐
0930,オリーヴァ,Arboliva,Arboliva,Arboliva,Olithena,Arboliva,올리르바,奥利瓦,奧利瓦
0931,イキリンコ,Squawkabilly,Squawkabilly,Squawkabilly,Krawalloro,Tapatoès,시비꼬,怒鹦哥,怒鸚哥
0932,コジオ,Nacli,Nacli,Nacli,Geosali,Selutin,베베솔트,盐石宝,鹽石寶
0933,ジオヅム,Naclstack,Naclstack,Naclstack,Sedisal,Amassel,스태솔트,盐石垒,鹽石壘
0934,キョジオーン,Garganacl,Garganacl,Garganacl,Saltigant,Gigansel,콜로솔트,盐石巨灵,鹽石巨靈
0935,カルボウ,Charcadet,Charcadet,Charcadet,Knarbon,Charbambin,카르본,炭小侍,炭小侍
0936,グレンアルマ,Armarouge,Armarouge,Armarouge,Crimanzo,Carmadura,카디나르마,红莲铠骑,紅蓮鎧騎
0937,ソウブレイズ,Ceruledge,Ceruledge,Ceruledge,Azugladis,Malvalame,파라블레이즈,苍炎刃鬼,蒼炎刃鬼
0938,ズピカ,Tadbulb,Tadbulb,Tadbulb,Blipp,Têtampoule,빈나두,光蚪仔,光蚪仔
0939,ハラバリー,Bellibolt,Bellibolt,Bellibolt,Wampitz,Ampibidou,찌리배리,电肚蛙,電肚蛙
0940,カイデン,Wattrel,Wattrel,Wattrel,Voltrel,Zapétrel,찌리비,电海燕,電海燕
0941,タイカイデン,Kilowattrel,Kilowattrel,Kilowattrel,Voltrean,Fulgulairo,찌리비크,大电海燕,大電海燕
0942,オラチフ,Maschiff,Maschiff,Maschiff,Mobtiff,Grondogue,오라티프,偶叫獒,偶叫獒
0943,マフィティフ,Mabosstiff,Mabosstiff,Mabosstiff,Mastifioso,Dogrino,마피티프,獒教父,獒教父
0944,シルシュルー,Shroodle,Shroodle,Shroodle,Sproxi,Gribouraigne,땃쭈르,滋汁鼹,滋汁鼴
0945,タギングル,Grafaiai,Grafaiai,Grafaiai,Affiti,Tag-Tag,태깅구르,涂标客,塗標客
0946,アノクサ,Bramblin,Bramblin,Bramblin,Weherba,Virovent,그푸리,纳噬草,納噬草
0947,アノホラグサ,Brambleghast,Brambleghast,Brambleghast,Horrerba,Virevorreur,공푸리,怖纳噬草,怖納噬草
0948,ノノクラゲ,Toedscool,Toedscool,Toedscool,Tentagra,Terracool,들눈해,原野水母,原野水母
0949,リククラゲ,Toedscruel,Toedscruel,Toedscruel,Tenterra,Terracruel,육파리,陆地水母,陸地水母
0950,ガケガニ,Klawf,Klawf,Klawf,Klibbe,Craparoi,절벼게,毛崖蟹,毛崖蟹
0951,カプサイジ,Capsakid,Capsakid,Capsakid,Chilingel,Pimito,캡싸이,热辣娃,熱辣娃
0952,スコヴィラン,Scovillain,Scovillain,Scovillain,Halupenjo,Scovilain,스코빌런,狠辣椒,狠辣椒
0953,シガロコ,Rellor,Rellor,Rellor,Relluk,Léboulérou,구르데,虫滚泥,蟲滾泥
0954,ベラカス,Rabsca,Rabsca,Rabsca,Skarabaks,Bérasca,베라카스,虫甲圣,蟲甲聖
0955,ヒラヒナ,Flittle,Flittle,Flittle,Flattutu,Flotillon,하느라기,飘飘雏,飄飄雛
0956,クエスパトラ,Espathra,Espathra,Espathra,Psiopatra,Cléopsytra,클레스퍼트라,超能艳鸵,超能豔鴕
0957,カヌチャン,Tinkatink,Tinkatink,Tinkatink,Forgita,Forgerette,어리짱,小锻匠,小鍛匠
0958,ナカヌチャン,Tinkatuff,Tinkatuff,Tinkatuff,Tafforgita,Forgella,벼리짱,巧锻匠,巧鍛匠
0959,デカヌチャン,Tinkaton,Tinkaton,Tinkaton,Granforgita,Forgelina,두드리짱,巨锻匠,巨鍛匠
0960,ウミディグダ,Wiglett,Wiglett,Wiglett,Schligda,Taupikeau,바다그다,海地鼠,海地鼠
0961,ウミトリオ,Wugtrio,Wugtrio,Wugtrio,Schligdri,Triopikeau,바닥트리오,三海地鼠,三海地鼠
0962,オトシドリ,Bombirdier,Bombirdier,Bombirdier,Adebom,Lestombaile,떨구새,下石鸟,下石鳥
0963,ナミイルカ,Finizen,Finizen,Finizen,Normifin,Dofin,맨돌핀,波普海豚,波普海豚
0964,イルカマン,Palafin,Palafin,Palafin,Delfinator,Superdofin,돌핀맨,海豚侠,海豚俠
0965,ブロロン,Varoom,Varoom,Varoom,Knattox,Vrombi,부르롱,噗隆隆,噗隆隆
0966,ブロロローム,Revavroom,Revavroom,Revavroom,Knattatox,Vrombotor,부르르룸,普隆隆姆,普隆隆姆
0967,モトトカゲ,Cyclizar,Cyclizar,Cyclizar,Mopex,Motorizard,모토마,摩托蜥,摩托蜥
0968,ミミズズ,Orthworm,Orthworm,Orthworm,Schlurm,Ferdeter,꿈트렁,拖拖蚓,拖拖蚓
0969,キラーメ,Glimmet,Glimmet,Glimmet,Lumispross,Germéclat,초롱순,晶光芽,晶光芽
0970,キラフロル,Glimmora,Glimmora,Glimmora,Lumiflora,Floréclat,킬라플로르,晶光花,晶光花
0971,ボチ,Greavard,Greavard,Greavard,Gruff,Toutombe,망망이,墓仔狗,墓仔狗
0972,ハカドッグ,Houndstone,Houndstone,Houndstone,Friedwuff,Tomberro,묘두기,墓扬犬,墓揚犬
0973,カラミンゴ,Flamigo,Flamigo,Flamigo,Flaminkno,Flamenroule,꼬이밍고,缠红鹤,纏紅鶴
0974,アルクジラ,Cetoddle,Cetoddle,Cetoddle,Flaniwal,Piétacé,터벅고래,走鲸,走鯨
0975,ハルクジラ,Cetitan,Cetitan,Cetitan,Kolowal,Balbalèze,우락고래,浩大鲸,浩大鯨
0976,ミガルーサ,Veluza,Veluza,Veluza,Agiluza,Délestin,가비루사,轻身鳕,輕身鱈
0977,ヘイラッシャ,Dondozo,Dondozo,Dondozo,Heerashai,Oyacata,어써러셔,吃吼霸,吃吼霸
0978,シャリタツ,Tatsugiri,Tatsugiri,Tatsugiri,Nigiragi,Nigirigon,싸리용,米立龙,米立龍
0979,コノヨザル,Annihilape,Annihilape,Annihilape,Epitaff,Courrousinge,저승갓숭,弃世猴,棄世猴
0980,ドオー,Clodsire,Clodsire,Clodsire,Suelord,Terraiste,토오,土王,土王
0981,リキキリン,Farigiraf,Farigiraf,Farigiraf,Farigiraf,Farigiraf,키키링,奇麒麟,奇麒麟
0982,ノココッチ,Dudunsparce,Dudunsparce,Dudunsparce,Dummimisel,Deusolourdo,노고고치,土龙节节,土龍節節
0983,ドドゲザン,Kingambit,Kingambit,Kingambit,Gladimperio,Scalpereur,대도각참,仆刀将军,仆斬將軍
0984,イダイナキバ,Great Tusk,Great Tusk,Great Tusk,Riesenzahn,Fort-Ivoire,위대한엄니,雄伟牙,雄偉牙
0985,サケブシッポ,Scream Tail,Scream Tail,Scream Tail,Brüllschweif,Hurle-Queue,우렁찬꼬리,吼叫尾,吼叫尾
0986,アラブルタケ,Brute Bonnet,Fungofurioso,Furioseta,Wutpilz,Fongus-Furie,사나운버섯,猛恶菇,猛惡菇
0987,ハバタクカミ,Flutter Mane,Crinealato,Melenaleteo,Flatterhaar,Flotte-Mèche,날개치는머리,振翼发,振翼髮
0988,チヲハウハネ,Slither Wing,Alirasenti,Reptalada,Kriechflügel,Rampe-Ailes,땅을기는날개,爬地翅,爬地翅
0989,スナノケガワ,Sandy Shocks,Peldisabbia,Pelarena,Sandfell,Pelage-Sablé,모래털가죽,沙铁皮,沙鐵皮
0990,テツノワダチ,Iron Treads,Solcoferro,Ferrodada,Eisenrad,Roue-de-Fer,무쇠바퀴,铁辙迹,鐵轍跡
0991,テツノツツミ,Iron Bundle,Saccoferreo,Ferrosaco,Eisenbündel,Hotte-de-Fer,무쇠보따리,铁包袱,鐵包袱
0992,テツノカイナ,Iron Hands,Manoferrea,Ferropalmas,Eisenhand,Paume-de-Fer,무쇠손,铁臂膀,鐵臂膀
0993,テツノコウベ,Iron Jugulis,Colloferreo,Ferrocuello,Eisenhals,Têtes-de-Fer,무쇠머리,铁脖颈,鐵脖頸
0994,テツノドクガ,Iron Moth,Falenaferrea,Ferropolilla,Eisenfalter,Mite-de-Fer,무쇠독나방,铁毒蛾,鐵毒蛾
0995,テツノイバラ,Iron Thorns,Spineferree,Ferropúas,Eisendorn,Épine-de-Fer,무쇠가시,铁荆棘,鐵荊棘
0996,セビエ,Frigibax,Frigibax,Frigibax,Frospino,Frigodo,드니차,凉脊龙,涼脊龍
0997,セゴール,Arctibax,Arctibax,Arctibax,Cryospino,Cryodo,드니꽁,冻脊龙,凍脊龍
0998,セグレイブ,Baxcalibur,Baxcalibur,Baxcalibur,Espinodon,Glaivodo,드닐레이브,戟脊龙,戟脊龍
0999,コレクレー,Gimmighoul,Gimmighoul,Gimmighoul,Gierspenst,Mordudor,모으령,索财灵,索財靈
1000,サーフゴー,Gholdengo,Gholdengo,Gholdengo,Monetigo,Gromago,타부자고,赛富豪,賽富豪
1001,チオンジェン,Wo-Chien,Wo-Chien,Wo-Chien,Chongjian,Chongjian,총지엔,古简蜗,古簡蝸
1002,パオジアン,Chien-Pao,Chien-Pao,Chien-Pao,Baojian,Baojian,파오젠,古剑豹,古劍豹
1003,ディンルー,Ting-Lu,Ting-Lu,Ting-Lu,Dinglu,Dinglu,딩루,古鼎鹿,古鼎鹿
1004,イーユイ,Chi-Yu,Chi-Yu,Chi-Yu,Yuyu,Yuyu,위유이,古玉鱼,古玉魚
1005,トドロクツキ,Roaring Moon,Lunaruggente,Bramaluna,Donnersichel,Rugit-Lune,고동치는달,轰鸣月,轟鳴月
1006,テツノブジン,Iron Valiant,Eroeferreo,Ferropaladín,Eisenkrieger,Garde-de-Fer,무쇠무인,铁武者,鐵武者
1007,コライドン,Koraidon,Koraidon,Koraidon,Koraidon,Koraidon,코라이돈,故勒顿,故勒頓
1008,ミライドン,Miraidon,Miraidon,Miraidon,Miraidon,Miraidon,미라이돈,密勒顿,密勒頓
1009,ウネルミナモ,Walking Wake,Acquecrespe,Ondulagua,Windewoge,Serpente-Eau,굽이치는물결,波荡水,波盪水
1010,テツノイサハ,Iron Leaves,Fogliaferrea,Ferroverdor,Eisenblatt,Vert-de-Fer,무쇠잎새,铁斑叶,鉄斑葉
1011,カミッチュ,Dipplin,Dipplin,Dipplin,Sirapfel,Pomdramour,과미르,裹蜜虫,裹蜜蟲
1012,チャデス,Poltchageist,Poltchageist,Poltchageist,Mortcha,Poltchageist,차데스,斯魔茶,斯魔茶
1013,ヤバソチャ,Sinistcha,Sinistcha,Sinistcha,Fatalitcha,Théffroyable,그우린차,来悲粗茶,來悲粗茶
1014,イイネイヌ,Okidogi,Okidogi,Okidogi,Boninu,Félicanis,조타구,够赞狗,夠讚狗
1015,マシマシラ,Munkidori,Munkidori,Munkidori,Benesaru,Fortusimia,이야후,愿增猿,願增猿
1016,キチキギス,Fezandipiti,Fezandipiti,Fezandipiti,Beatori,Favianos,기로치,吉雉鸡,吉雉雞
1017,オーガポン,Ogerpon,Ogerpon,Ogerpon,Ogerpon,Ogerpon,오거폰,厄鬼椪,厄鬼椪
1018,ブリジュラス,Archaludon,Archaludon,Archaludon,Briduradon,Pondralugon,브리두라스,铝钢桥龙,鋁鋼橋龍
1019,カミツオロチ,Hydrapple,Hydrapple,Hydrapple,Hydrapfel,Pomdorochi,과미드라,蜜集大蛇,蜜集大蛇
1020,ウガツホムラ,Gouging Fire,Vampeaguzze,Flamariete,Keilflamme,Feu-Perçant,꿰뚫는화염,破空焰,破空焰
1021,タケルライコ,Raging Bolt,Furiatonante,Electrofuria,Furienblitz,Ire-Foudre,날뛰는우레,猛雷鼓,猛雷鼓
1022,テツノイワオ,Iron Boulder,Massoferreo,Ferromole,Eisenfels,Roc-de-Fer,무쇠암석,铁磐岩,鐵磐岩
1023,テツノカシラ,Iron Crown,Capoferreo,Ferrotesta,Eisenhaupt,Chef-de-Fer,무쇠감투,铁头壳,鐵頭殼
1024,テラパゴス,Terapagos,Terapagos,Terapagos,Terapagos,Terapagos,테라파고스,太乐巴戈斯,太樂巴戈斯
1025,モモワロウ,Pecharunt,Pecharunt,Pecharunt,Infamomo,Pêchaminus,복숭악동,桃歹郎,桃歹郎
